cds,ad,adcod,n_iscritti,n_promossi,Assenti,tasso_superamento,rn
[524] SCIENZE DELL'EDUCAZIONE,[E1901R086] METODI E TECNICHE DELLA FORMAZIONE MEDIALE,E1901R086,1,1,0,"1,0000",1
[541] SCIENZE DEL TURISMO E COMUNITA' LOCALE(C.SO A DISTANZA),[E1501N009] SOCIOLOGIA DELLA CULTURA E DEL TEMPO LIBERO,E1501N009,1,1,0,"1,0000",1
[581] GIURISPRUDENZA,[A5810127] DIRITTO COMUNITARIO DELLA CONCORRENZA E DEL MERCATO INTERNO,A5810127,1,0,0,"0,0000",1
[581] GIURISPRUDENZA,[A5810018] PROCEDURA PENALE,A5810018,251,119,39,"0,5613",2
[581] GIURISPRUDENZA,[A5810066] DIRITTO SINDACALE,A5810066,8,4,1,"0,5714",3
[581] GIURISPRUDENZA,[A5810064] DIRITTO PROCESSUALE CIVILE C.P.,A5810064,6,3,1,"0,6000",4
[581] GIURISPRUDENZA,[A5810070] MEDICINA LEGALE,A5810070,68,32,16,"0,6154",5
[581] GIURISPRUDENZA,[A5810042] DIRITTO COSTITUZIONALE EUROPEO ( I DIRITTI FONDAMENTALI) MOD. JEAN MONNET,A5810042,83,38,27,"0,6786",6
[581] GIURISPRUDENZA,[A5810137] TUTELA INTERNAZIONALE DEI DIRITTI UMANI,A5810137,27,13,8,"0,6842",7
[581] GIURISPRUDENZA,[A5810019] ISTITUZIONI DI DIRITTO PRIVATO,A5810019,517,258,141,"0,6862",8
[581] GIURISPRUDENZA,[A5810057] DIRITTO INDUSTRIALE,A5810057,23,11,7,"0,6875",9
[581] GIURISPRUDENZA,[A5810015] DIRITTO PENALE,A5810015,374,208,72,"0,6887",10
[E0201Q] BIOTECNOLOGIE,[E0201Q059] BIOCHIMICA PER LE BIOTECNOLOGIE,E0201Q059,148,73,9,"0,5252",1
[E0201Q] BIOTECNOLOGIE,[E0201Q001] MATEMATICA,E0201Q001,268,141,24,"0,5779",2
[E0201Q] BIOTECNOLOGIE,[E0201Q050] METODOLOGIE BIOCHIMICHE E TECNOLOGIE BIOMOLECOLARI,E0201Q050,86,52,1,"0,6118",3
[E0201Q] BIOTECNOLOGIE,[E0201Q053] ORGANI E FUNZIONI,E0201Q053,142,83,12,"0,6385",4
[E0201Q] BIOTECNOLOGIE,[E0201Q065] BIOCHIMICA SISTEMATICA UMANA,E0201Q065,126,84,7,"0,7059",5
[E0201Q] BIOTECNOLOGIE,[E0201Q073] GENETICA MOLECOLARE UMANA,E0201Q073,37,25,2,"0,7143",6
[E0201Q] BIOTECNOLOGIE,[E0201Q055] COMPOSTI ORGANICI DI INTERESSE MERCEOLOGICO,E0201Q055,38,24,5,"0,7273",7
[E0201Q] BIOTECNOLOGIE,[E0201Q060] FERMENTAZIONI E BIOPROCESSI MICROBICI,E0201Q060,153,108,12,"0,7660",8
[E0201Q] BIOTECNOLOGIE,[E0201Q005] CHIMICA ORGANICA,E0201Q005,185,133,13,"0,7733",9
[E0201Q] BIOTECNOLOGIE,[E0201Q046] INFORMATICA,E0201Q046,164,123,9,"0,7935",10
[E1301Q] SCIENZE BIOLOGICHE,[E2702Q092] CHIMICA INORGANICA I E LABORATORIO,E2702Q092,1,0,1,,1
[E1301Q] SCIENZE BIOLOGICHE,[E0201Q050] METODOLOGIE BIOCHIMICHE E TECNOLOGIE BIOMOLECOLARI,E0201Q050,2,0,1,"0,0000",2
[E1301Q] SCIENZE BIOLOGICHE,[E0201Q054] FARMACOLOGIA,E0201Q054,1,0,0,"0,0000",3
[E1301Q] SCIENZE BIOLOGICHE,[E1301Q072] GENETICA,E1301Q072,97,41,6,"0,4505",4
[E1301Q] SCIENZE BIOLOGICHE,[E1301Q011] ZOOLOGIA,E1301Q011,190,75,28,"0,4630",5
[E1301Q] SCIENZE BIOLOGICHE,[E0201Q060] FERMENTAZIONI E BIOPROCESSI MICROBICI,E0201Q060,2,1,0,"0,5000",6
[E1301Q] SCIENZE BIOLOGICHE,[E3201Q084] GESTIONE DI BASE DATI,E3201Q084,2,1,0,"0,5000",7
[E1301Q] SCIENZE BIOLOGICHE,[E0201Q065] BIOCHIMICA SISTEMATICA UMANA,E0201Q065,99,48,6,"0,5161",8
[E1301Q] SCIENZE BIOLOGICHE,[E1301Q009] CHIMICA GENERALE,E1301Q009,325,183,4,"0,5701",9
[E1301Q] SCIENZE BIOLOGICHE,[E0201Q055] COMPOSTI ORGANICI DI INTERESSE MERCEOLOGICO,E0201Q055,16,8,2,"0,5714",10
[E1401A] SCIENZE DEI SERVIZI GIURIDICI,[E1401A034] DIRITTO URBANISTICO,E1401A034,1,0,0,"0,0000",1
[E1401A] SCIENZE DEI SERVIZI GIURIDICI,[E1401A039] DIRITTO DELL'ESECUZIONE CIVILE,E1401A039,3,0,1,"0,0000",2
[E1401A] SCIENZE DEI SERVIZI GIURIDICI,[E1401A030] DIRITTO COMUNITARIO DELLA CONCORRENZA E DEL MERCATO INTERNO,E1401A030,4,1,0,"0,2500",3
[E1401A] SCIENZE DEI SERVIZI GIURIDICI,[E1401A037] DIRITTO PUBBLICO COMPARATO,E1401A037,2,1,0,"0,5000",4
[E1401A] SCIENZE DEI SERVIZI GIURIDICI,[E1401A081] DIRITTO SINDACALE,E1401A081,8,3,2,"0,5000",5
[E1401A] SCIENZE DEI SERVIZI GIURIDICI,[E1401A085] ELEMENTI DI PROCEDURA PENALE,E1401A085,139,63,16,"0,5122",6
[E1401A] SCIENZE DEI SERVIZI GIURIDICI,[E1401A015] ECONOMIA AZIENDALE,E1401A015,231,93,61,"0,5471",7
[E1401A] SCIENZE DEI SERVIZI GIURIDICI,[E1401A078] ISTITUZIONI DI DIRITTO PRIVATO,E1401A078,359,135,129,"0,5870",8
[E1401A] SCIENZE DEI SERVIZI GIURIDICI,[E1401A020] DIRITTO TRIBUTARIO,E1401A020,18,9,4,"0,6429",9
[E1401A] SCIENZE DEI SERVIZI GIURIDICI,[E1401A005] DIRITTO COSTITUZIONALE,E1401A005,306,133,100,"0,6456",10
[E1501N] SCIENZE DEL TURISMO E COMUNITÀ LOCALE,[E1901R087] PEDAGOGIA DELL'ADOLESCENZA,E1901R087,1,0,1,,1
[E1501N] SCIENZE DEL TURISMO E COMUNITÀ LOCALE,"[E1501N054] MUSICA, SPETTACOLO E TERRITORIO",E1501N054,58,23,10,"0,4792",2
[E1501N] SCIENZE DEL TURISMO E COMUNITÀ LOCALE,[E1801M053] LINGUA - TEDESCO,E1801M053,2,1,0,"0,5000",3
[E1501N] SCIENZE DEL TURISMO E COMUNITÀ LOCALE,[E4001N055] LA COMUNICAZIONE: PRODUZIONE E CONSUMO,E4001N055,2,1,0,"0,5000",4
[E1501N] SCIENZE DEL TURISMO E COMUNITÀ LOCALE,[E3301M182] LINGUA-SPAGNOLO,E3301M182,3,2,0,"0,6667",5
[E1501N] SCIENZE DEL TURISMO E COMUNITÀ LOCALE,[E1501N001] DIRITTO DEL TURISMO,E1501N001,203,113,41,"0,6975",6
[E1501N] SCIENZE DEL TURISMO E COMUNITÀ LOCALE,[E1501N014] ECONOMIA DEL TURISMO,E1501N014,147,98,15,"0,7424",7
[E1501N] SCIENZE DEL TURISMO E COMUNITÀ LOCALE,[E1501N071] SOCIOLOGIA DEL TURISMO,E1501N071,199,149,0,"0,7487",8
[E1501N] SCIENZE DEL TURISMO E COMUNITÀ LOCALE,[E1501N007] LINGUA E TRADUZIONE INGLESE,E1501N007,204,141,16,"0,7500",9
[E1501N] SCIENZE DEL TURISMO E COMUNITÀ LOCALE,[E1501N076] GENERE E TURISMO,E1501N076,137,96,11,"0,7619",10
[E1502N] SCIENZE DEL TURISMO E COMUNITÀ LOCALE (NETTUNO),[E1501N080] MARKETING,E1501N080,1,1,0,"1,0000",1
[E1601N] SCIENZE DELL'ORGANIZZAZIONE,[E1901R084] MUSICA,E1901R084,2,0,2,,1
[E1601N] SCIENZE DELL'ORGANIZZAZIONE,[E1802M117] BILANCIO E ANALISI ECONOMICO FINANZIARIA,E1802M117,3,0,1,"0,0000",2
[E1601N] SCIENZE DELL'ORGANIZZAZIONE,[E1803M075] ECONOMIA DELLE ISTITUZIONI FINANZIARIE,E1803M075,2,0,1,"0,0000",3
[E1601N] SCIENZE DELL'ORGANIZZAZIONE,[E2004P004] PSICOLOGIA GENERALE PER LA COMUNICAZIONE,E2004P004,1,0,0,"0,0000",4
[E1601N] SCIENZE DELL'ORGANIZZAZIONE,[E3301M181] LINGUA- FRANCESE,E3301M181,3,0,2,"0,0000",5
[E1601N] SCIENZE DELL'ORGANIZZAZIONE,[E1801M050] LINGUA - FRANCESE,E1801M050,8,2,0,"0,2500",6
[E1601N] SCIENZE DELL'ORGANIZZAZIONE,[E1601N020] MATEMATICA,E1601N020,344,87,89,"0,3412",7
[E1601N] SCIENZE DELL'ORGANIZZAZIONE,[E1601N009] SOCIOLOGIA ECONOMICA E DEL LAVORO,E1601N009,162,86,22,"0,6143",8
[E1601N] SCIENZE DELL'ORGANIZZAZIONE,[E1803M060] LINGUA - SPAGNOLO,E1803M060,3,2,0,"0,6667",9
[E1601N] SCIENZE DELL'ORGANIZZAZIONE,[E2004P038] WEB MARKETING,E2004P038,3,2,0,"0,6667",10
"[E1801M] MARKETING, COMUNICAZIONE AZIENDALE E MERCATI GLOBALI",[E3301M145] BILANCIO,E3301M145,3,0,3,,1
"[E1801M] MARKETING, COMUNICAZIONE AZIENDALE E MERCATI GLOBALI",[E1801M032] INFORMATICA GENERALE,E1801M032,408,145,32,"0,3856",2
"[E1801M] MARKETING, COMUNICAZIONE AZIENDALE E MERCATI GLOBALI",[E1801M048] MATEMATICA PER IL MARKETING,E1801M048,266,148,32,"0,6325",3
"[E1801M] MARKETING, COMUNICAZIONE AZIENDALE E MERCATI GLOBALI",[E1802M117] BILANCIO E ANALISI ECONOMICO FINANZIARIA,E1802M117,3,2,0,"0,6667",4
"[E1801M] MARKETING, COMUNICAZIONE AZIENDALE E MERCATI GLOBALI",[E1801M052] LINGUA - SPAGNOLO,E1801M052,239,136,39,"0,6800",5
"[E1801M] MARKETING, COMUNICAZIONE AZIENDALE E MERCATI GLOBALI",[E1801M030] DIRITTO COMMERCIALE,E1801M030,254,148,39,"0,6884",6
"[E1801M] MARKETING, COMUNICAZIONE AZIENDALE E MERCATI GLOBALI",[E1801M039] STATISTICA I,E1801M039,330,117,163,"0,7006",7
"[E1801M] MARKETING, COMUNICAZIONE AZIENDALE E MERCATI GLOBALI",[E2004P038] WEB MARKETING,E2004P038,38,25,4,"0,7353",8
"[E1801M] MARKETING, COMUNICAZIONE AZIENDALE E MERCATI GLOBALI",[E3301M155] CONTABILITA' DEGLI ENTI PUBBLICI,E3301M155,9,3,5,"0,7500",9
"[E1801M] MARKETING, COMUNICAZIONE AZIENDALE E MERCATI GLOBALI",[E1801M053] LINGUA - TEDESCO,E1801M053,27,18,4,"0,7826",10
[E1802M] ECONOMIA E AMMINISTRAZIONE DELLE IMPRESE,[E3301M140] DIRITTO DEI TRASPORTI,E3301M140,2,0,2,,1
[E1802M] ECONOMIA E AMMINISTRAZIONE DELLE IMPRESE,[E1802M007] RAGIONERIA GENERALE ED APPLICATA,E1802M007,496,189,36,"0,4109",2
[E1802M] ECONOMIA E AMMINISTRAZIONE DELLE IMPRESE,[E1802M119] METODI STATISTICI PER L'AMMINISTRAZIONE DELLE IMPRESE,E1802M119,166,68,15,"0,4503",3
[E1802M] ECONOMIA E AMMINISTRAZIONE DELLE IMPRESE,[E1802M125] TEORIA DEI CAMPIONI E SOFTWARE STATISTICI,E1802M125,2,1,0,"0,5000",4
[E1802M] ECONOMIA E AMMINISTRAZIONE DELLE IMPRESE,"[E3301M148] ECONOMIA,GESTIONE DELLE IMPRESE INDUSTRIALI E MARKETING",E3301M148,94,48,5,"0,5393",5
[E1802M] ECONOMIA E AMMINISTRAZIONE DELLE IMPRESE,[E1802M117] BILANCIO E ANALISI ECONOMICO FINANZIARIA,E1802M117,231,123,16,"0,5721",6
[E1802M] ECONOMIA E AMMINISTRAZIONE DELLE IMPRESE,[E1802M130] LINGUA- SPAGNOLO,E1802M130,109,66,10,"0,6667",7
[E1802M] ECONOMIA E AMMINISTRAZIONE DELLE IMPRESE,[E1803M050] GESTIONE BANCARIA,E1803M050,19,11,3,"0,6875",8
[E1802M] ECONOMIA E AMMINISTRAZIONE DELLE IMPRESE,[E1802M033] INFORMATICA GENERALE,E1802M033,183,70,85,"0,7143",9
[E1802M] ECONOMIA E AMMINISTRAZIONE DELLE IMPRESE,[E1802M129] LINGUA INGLESE,E1802M129,312,198,39,"0,7253",10
"[E1803M] ECONOMIA DELLE BANCHE, DELLE ASSICURAZIONI E DEGLI INTERMEDIARI FINANZIARI","[E3301M148] ECONOMIA,GESTIONE DELLE IMPRESE INDUSTRIALI E MARKETING",E3301M148,1,0,0,"0,0000",1
"[E1803M] ECONOMIA DELLE BANCHE, DELLE ASSICURAZIONI E DEGLI INTERMEDIARI FINANZIARI",[E1803M047] MATEMATICA GENERALE I,E1803M047,552,143,104,"0,3192",2
"[E1803M] ECONOMIA DELLE BANCHE, DELLE ASSICURAZIONI E DEGLI INTERMEDIARI FINANZIARI",[E1803M037] INFORMATICA GENERALE,E1803M037,147,49,18,"0,3798",3
"[E1803M] ECONOMIA DELLE BANCHE, DELLE ASSICURAZIONI E DEGLI INTERMEDIARI FINANZIARI",[A5810050] DIRITTO DEI MERCATI FINANZIARI,A5810050,3,1,1,"0,5000",4
"[E1803M] ECONOMIA DELLE BANCHE, DELLE ASSICURAZIONI E DEGLI INTERMEDIARI FINANZIARI",[E1803M048] STATISTICA PER LA FINANZA,E1803M048,142,60,27,"0,5217",5
"[E1803M] ECONOMIA DELLE BANCHE, DELLE ASSICURAZIONI E DEGLI INTERMEDIARI FINANZIARI",[E1803M051] MATEMATICA PER LA FINANZA,E1803M051,275,132,51,"0,5893",6
"[E1803M] ECONOMIA DELLE BANCHE, DELLE ASSICURAZIONI E DEGLI INTERMEDIARI FINANZIARI",[E1803M060] LINGUA - SPAGNOLO,E1803M060,92,46,15,"0,5974",7
"[E1803M] ECONOMIA DELLE BANCHE, DELLE ASSICURAZIONI E DEGLI INTERMEDIARI FINANZIARI",[E1803M058] LINGUA - FRANCESE,E1803M058,95,37,34,"0,6066",8
"[E1803M] ECONOMIA DELLE BANCHE, DELLE ASSICURAZIONI E DEGLI INTERMEDIARI FINANZIARI",[E1803M050] GESTIONE BANCARIA,E1803M050,264,150,29,"0,6383",9
"[E1803M] ECONOMIA DELLE BANCHE, DELLE ASSICURAZIONI E DEGLI INTERMEDIARI FINANZIARI",[E1803M059] LINGUA- TEDESCO,E1803M059,22,11,6,"0,6875",10
[E1901R] SCIENZE DELL'EDUCAZIONE,[E1901R018] STORIA DELLA FILOSOFIA,E1901R018,29,15,5,"0,6250",1
[E1901R] SCIENZE DELL'EDUCAZIONE,[E1901R090] GEOGRAFIA CULTURALE,E1901R090,23,9,9,"0,6429",2
[E1901R] SCIENZE DELL'EDUCAZIONE,[E1901R004] ANTROPOLOGIA CULTURALE,E1901R004,463,265,67,"0,6692",3
[E1901R] SCIENZE DELL'EDUCAZIONE,[E1901R037] METODOLOGIA DELLA FORMAZIONE,E1901R037,64,31,19,"0,6889",4
[E1901R] SCIENZE DELL'EDUCAZIONE,[E1901R019] STORIA MEDIOEVALE,E1901R019,215,139,37,"0,7809",5
[E1901R] SCIENZE DELL'EDUCAZIONE,[E1901R020] STORIA MODERNA,E1901R020,14,4,9,"0,8000",6
[E1901R] SCIENZE DELL'EDUCAZIONE,[E1901R005] PSICOLOGIA DELL'EDUCAZIONE,E1901R005,680,458,119,"0,8164",7
[E1901R] SCIENZE DELL'EDUCAZIONE,[E1901R021] STORIA CONTEMPORANEA,E1901R021,194,135,31,"0,8282",8
[E1901R] SCIENZE DELL'EDUCAZIONE,[E1901R017] FILOSOFIA MORALE,E1901R017,109,68,31,"0,8718",9
[E1901R] SCIENZE DELL'EDUCAZIONE,[E1901R101] GESTIONE DELLE RISORSE UMANE,E1901R101,19,14,3,"0,8750",10
[E2001R] COMUNICAZIONE INTERCULTURALE,[E1901R009] PEDAGOGIA DELL'INFANZIA,E1901R009,1,0,1,,1
[E2001R] COMUNICAZIONE INTERCULTURALE,[E1901R021] STORIA CONTEMPORANEA,E1901R021,4,0,3,"0,0000",2
[E2001R] COMUNICAZIONE INTERCULTURALE,[E2004P004] PSICOLOGIA GENERALE PER LA COMUNICAZIONE,E2004P004,2,0,1,"0,0000",3
[E2001R] COMUNICAZIONE INTERCULTURALE,[E2401P103] PSICOPATOLOGIA GENERALE,E2401P103,2,0,1,"0,0000",4
[E2001R] COMUNICAZIONE INTERCULTURALE,[E2001R059] LINGUA GIAPPONESE II,E2001R059,52,12,10,"0,2857",5
[E2001R] COMUNICAZIONE INTERCULTURALE,[E1901R019] STORIA MEDIOEVALE,E1901R019,3,1,0,"0,3333",6
[E2001R] COMUNICAZIONE INTERCULTURALE,[E2004P013] PSICOLOGIA DELL'ARTE,E2004P013,5,2,0,"0,4000",7
[E2001R] COMUNICAZIONE INTERCULTURALE,[E1501N007] LINGUA E TRADUZIONE INGLESE,E1501N007,2,1,0,"0,5000",8
[E2001R] COMUNICAZIONE INTERCULTURALE,[E1501N081] WEB MARKETING,E1501N081,2,1,0,"0,5000",9
[E2001R] COMUNICAZIONE INTERCULTURALE,[E2001R056] LINGUA CINESE II,E2001R056,11,3,5,"0,5000",10
[E2003P] COMUNICAZIONE E PSICOLOGIA,[E2004P029] PSICOLOGIA DEL COMPORTAMENTO ECONOMICO E DEI CONSUMI,E2004P029,2,0,2,,1
[E2003P] COMUNICAZIONE E PSICOLOGIA,[E2004P038] WEB MARKETING,E2004P038,1,1,0,"1,0000",2
[E2004P] SCIENZE PSICOSOCIALI DELLA COMUNICAZIONE,[E2001R006] ESTETICA,E2001R006,1,0,1,,1
[E2004P] SCIENZE PSICOSOCIALI DELLA COMUNICAZIONE,[E2401P016] PENSIERO E COMUNICAZIONE,E2401P016,2,1,0,"0,5000",2
[E2004P] SCIENZE PSICOSOCIALI DELLA COMUNICAZIONE,[E2401P026] PSICOLOGIA GIURIDICA,E2401P026,2,1,0,"0,5000",3
[E2004P] SCIENZE PSICOSOCIALI DELLA COMUNICAZIONE,[E2004P013] PSICOLOGIA DELL'ARTE,E2004P013,99,45,15,"0,5357",4
[E2004P] SCIENZE PSICOSOCIALI DELLA COMUNICAZIONE,[E2401P002] FONDAMENTI ANATOMO-FISIOLOGICI DELL'ATTIVITÀ PSICHICA,E2401P002,18,10,2,"0,6250",5
[E2004P] SCIENZE PSICOSOCIALI DELLA COMUNICAZIONE,[E2401P031] FATTORI DI RISCHIO E PROTEZIONE NELLA FORMAZIONE DELLA PERSONALITÀ,E2401P031,18,11,1,"0,6471",6
[E2004P] SCIENZE PSICOSOCIALI DELLA COMUNICAZIONE,"[E2004P008] APPRENDIMENTO, PENSIERO E DECISIONE",E2004P008,135,54,52,"0,6506",7
[E2004P] SCIENZE PSICOSOCIALI DELLA COMUNICAZIONE,[E2004P004] PSICOLOGIA GENERALE PER LA COMUNICAZIONE,E2004P004,191,98,46,"0,6759",8
[E2004P] SCIENZE PSICOSOCIALI DELLA COMUNICAZIONE,[E2004P038] WEB MARKETING,E2004P038,143,89,14,"0,6899",9
[E2004P] SCIENZE PSICOSOCIALI DELLA COMUNICAZIONE,[E2004P044] PSICOLOGIA SOCIALE DELLA COMUNICAZIONE,E2004P044,172,87,49,"0,7073",10
[E2401P] SCIENZE E TECNICHE PSICOLOGICHE,[A5810070] MEDICINA LEGALE,A5810070,2,0,2,,1
[E2401P] SCIENZE E TECNICHE PSICOLOGICHE,[E1301Q067] IMMUNOLOGIA E PATOLOGIA,E1301Q067,3,0,1,"0,0000",2
[E2401P] SCIENZE E TECNICHE PSICOLOGICHE,[E2004P025] PSICOLOGIA ECONOMICA E DEL LAVORO,E2004P025,4,1,2,"0,5000",3
[E2401P] SCIENZE E TECNICHE PSICOLOGICHE,[E2004P028] INFORMATICA E GRAFICA PER IL WEB,E2004P028,7,1,5,"0,5000",4
[E2401P] SCIENZE E TECNICHE PSICOLOGICHE,[E2401P007] PSICOLOGIA GENERALE 2,E2401P007,538,244,86,"0,5398",5
[E2401P] SCIENZE E TECNICHE PSICOLOGICHE,[E2401P001] PSICOLOGIA GENERALE 1,E2401P001,624,351,62,"0,6246",6
[E2401P] SCIENZE E TECNICHE PSICOLOGICHE,[E2401P016] PENSIERO E COMUNICAZIONE,E2401P016,11,7,0,"0,6364",7
[E2401P] SCIENZE E TECNICHE PSICOLOGICHE,[E2401P109] PERCEZIONE E ATTENZIONE,E2401P109,56,28,12,"0,6364",8
[E2401P] SCIENZE E TECNICHE PSICOLOGICHE,[E2401P010] PSICOLOGIA DELLO SVILUPPO,E2401P010,499,314,60,"0,7153",9
[E2401P] SCIENZE E TECNICHE PSICOLOGICHE,[E2401P118] PSICOLOGIA SOCIALE DEI GRUPPI,E2401P118,96,56,21,"0,7467",10
[E2701Q] SCIENZA DEI MATERIALI,[E0201Q055] COMPOSTI ORGANICI DI INTERESSE MERCEOLOGICO,E0201Q055,3,1,0,"0,3333",1
[E2701Q] SCIENZA DEI MATERIALI,[E2701Q002] MATEMATICA II,E2701Q002,60,24,5,"0,4364",2
[E2701Q] SCIENZA DEI MATERIALI,[E2701Q037] FISICA II,E2701Q037,37,13,8,"0,4483",3
[E2701Q] SCIENZA DEI MATERIALI,[E2701Q036] FISICA I CON LABORATORIO,E2701Q036,100,27,42,"0,4655",4
[E2701Q] SCIENZA DEI MATERIALI,[E2701Q049] LABORATORIO DI TECNOLOGIA DEI MATERIALI II,E2701Q049,2,1,0,"0,5000",5
[E2701Q] SCIENZA DEI MATERIALI,[E2701Q051] LABORATORIO DI TECNOLOGIA DEI MATERIALI I,E2701Q051,2,1,0,"0,5000",6
[E2701Q] SCIENZA DEI MATERIALI,[E2701Q034] CHIMICA GENERALE E INORGANICA CON LABORATORIO,E2701Q034,132,50,38,"0,5319",7
[E2701Q] SCIENZA DEI MATERIALI,[E2701Q042] LABORATORIO DI FISICA II,E2701Q042,39,23,1,"0,6053",8
[E2701Q] SCIENZA DEI MATERIALI,[E2701Q043] STRUTTURA DELLA MATERIA I,E2701Q043,24,11,6,"0,6111",9
[E2701Q] SCIENZA DEI MATERIALI,[E2701Q013] CHIMICA FISICA,E2701Q013,39,20,7,"0,6250",10
[E2702Q] SCIENZE E TECNOLOGIE CHIMICHE,[E2702Q089] CHIMICA FISICA II E LABORATORIO,E2702Q089,121,38,18,"0,3689",1
[E2702Q] SCIENZE E TECNOLOGIE CHIMICHE,[E2702Q082] CHIMICA GENERALE E LABORATORIO,E2702Q082,150,64,7,"0,4476",2
[E2702Q] SCIENZE E TECNOLOGIE CHIMICHE,[E2702Q045] ELEMENTI DI BIOCHIMICA,E2702Q045,73,40,13,"0,6667",3
[E2702Q] SCIENZE E TECNOLOGIE CHIMICHE,[E2702Q092] CHIMICA INORGANICA I E LABORATORIO,E2702Q092,84,40,27,"0,7018",4
[E2702Q] SCIENZE E TECNOLOGIE CHIMICHE,[E2702Q001] MATEMATICA I,E2702Q001,108,65,17,"0,7143",5
[E2702Q] SCIENZE E TECNOLOGIE CHIMICHE,[E2702Q056] OPERAZIONI UNITARIE E FONDAMENTALI,E2702Q056,14,10,0,"0,7143",6
[E2702Q] SCIENZE E TECNOLOGIE CHIMICHE,[E2702Q106] ECONOMIA E GESTIONE DELLE IMPRESE CHIMICHE,E2702Q106,20,8,9,"0,7273",7
[E2702Q] SCIENZE E TECNOLOGIE CHIMICHE,[E2702Q085] CHIMICA ORGANICA I,E2702Q085,80,49,13,"0,7313",8
[E2702Q] SCIENZE E TECNOLOGIE CHIMICHE,[E2701Q040] CHIMICA FISICA DEI MATERIALI,E2701Q040,4,3,0,"0,7500",9
[E2702Q] SCIENZE E TECNOLOGIE CHIMICHE,[E2702Q101] CHIMICA ORGANICA III E LABORATORIO,E2702Q101,73,49,10,"0,7778",10
[E3001Q] FISICA,[E1803M051] MATEMATICA PER LA FINANZA,E1803M051,1,0,1,,1
[E3001Q] FISICA,[E1803M054] ECONOMIA DEL SETTORE FINANZIARIO,E1803M054,1,0,1,,2
[E3001Q] FISICA,[E2701Q035] CHIMICA ORGANICA,E2701Q035,1,0,1,,3
[E3001Q] FISICA,[E3002Q029] INTERAZIONE LUCE MATERIA,E3002Q029,5,1,1,"0,2500",4
[E3001Q] FISICA,[E3001Q055] ELEMENTI DI FISICA TEORICA,E3001Q055,38,13,0,"0,3421",5
[E3001Q] FISICA,[E3401Q051] GEOFISICA,E3401Q051,16,4,7,"0,4444",6
[E3001Q] FISICA,[E3501Q003] ALGEBRA I,E3501Q003,2,1,0,"0,5000",7
[E3001Q] FISICA,[E4101B017] ECONOMETRIA,E4101B017,4,1,2,"0,5000",8
[E3001Q] FISICA,[E3001Q054] ELEMENTI DI ASTROFISICA,E3001Q054,68,29,14,"0,5370",9
[E3001Q] FISICA,[E3001Q038] CHIMICA,E3001Q038,270,115,59,"0,5450",10
[E3002Q] OTTICA E OPTOMETRIA,[E2401P109] PERCEZIONE E ATTENZIONE,E2401P109,2,0,2,,1
[E3002Q] OTTICA E OPTOMETRIA,[E2004P004] PSICOLOGIA GENERALE PER LA COMUNICAZIONE,E2004P004,3,0,2,"0,0000",2
[E3002Q] OTTICA E OPTOMETRIA,[E3002Q006] FISICA I,E3002Q006,77,6,10,"0,0896",3
[E3002Q] OTTICA E OPTOMETRIA,[E3002Q033] OTTICA GEOMETRICA E OFTALMICA CON LABORATORIO,E3002Q033,116,25,14,"0,2451",4
[E3002Q] OTTICA E OPTOMETRIA,[E3002Q032] ANATOMIA E ISTOLOGIA UMANA E OCULARE,E3002Q032,127,25,26,"0,2475",5
[E3002Q] OTTICA E OPTOMETRIA,[E3002Q011] OTTICA DELLA CONTATTOLOGIA GENERALE,E3002Q011,57,16,6,"0,3137",6
[E3002Q] OTTICA E OPTOMETRIA,[E1802M116] MANAGEMENT,E1802M116,3,1,0,"0,3333",7
[E3002Q] OTTICA E OPTOMETRIA,[E3002Q034] OPTOMETRIA AVANZATA CON LABORATORIO,E3002Q034,35,9,10,"0,3600",8
[E3002Q] OTTICA E OPTOMETRIA,[E3002Q028] SISTEMI OTTICI E OFTALMICI CON LABORATORIO,E3002Q028,85,30,14,"0,4225",9
[E3002Q] OTTICA E OPTOMETRIA,[E3002Q029] INTERAZIONE LUCE MATERIA,E3002Q029,17,7,2,"0,4667",10
[E3101Q] INFORMATICA,[E3501Q004] GEOMETRIA I,E3501Q004,2,0,2,,1
[E3101Q] INFORMATICA,[E3101Q104] ARCHITETTURA DEGLI ELABORATORI,E3101Q104,555,105,35,"0,2019",2
[E3101Q] INFORMATICA,[E3101Q101] COMPLEMENTI DI MATEMATICA,E3101Q101,405,74,244,"0,4596",3
[E3101Q] INFORMATICA,[E3501Q003] ALGEBRA I,E3501Q003,2,1,0,"0,5000",4
[E3101Q] INFORMATICA,[E3101Q129] METODI ALGEBRICI PER L'INFORMATICA,E3101Q129,80,35,27,"0,6604",5
[E3101Q] INFORMATICA,[E3101Q102] FONDAMENTI DELL'INFORMATICA,E3101Q102,340,250,14,"0,7669",6
[E3101Q] INFORMATICA,[E3101Q122] PROGRAMMAZIONE E AMMINISTRAZIONE DI SISTEMA,E3101Q122,85,40,33,"0,7692",7
[E3101Q] INFORMATICA,[E3101Q112] SISTEMI DISTRIBUITI,E3101Q112,251,204,6,"0,8327",8
[E3101Q] INFORMATICA,[E3101Q130] FISICA,E3101Q130,146,105,23,"0,8537",9
[E3101Q] INFORMATICA,[E3101Q128] RICERCA OPERATIVA E PIANIFICAZIONE DELLE RISORSE,E3101Q128,196,167,8,"0,8883",10
[E3201Q] SCIENZE E TECNOLOGIE PER L'AMBIENTE,[E1301Q068] FISIOLOGIA DEI SISTEMI,E1301Q068,1,0,0,"0,0000",1
[E3201Q] SCIENZE E TECNOLOGIE PER L'AMBIENTE,[E3201Q001] MATEMATICA I,E3201Q001,123,25,46,"0,3247",2
[E3201Q] SCIENZE E TECNOLOGIE PER L'AMBIENTE,[E0201Q068] GENETICA,E0201Q068,5,2,0,"0,4000",3
[E3201Q] SCIENZE E TECNOLOGIE PER L'AMBIENTE,[E0201Q055] COMPOSTI ORGANICI DI INTERESSE MERCEOLOGICO,E0201Q055,2,1,0,"0,5000",4
[E3201Q] SCIENZE E TECNOLOGIE PER L'AMBIENTE,[E3201Q106] CHIMICA ANALITICA,E3201Q106,73,26,22,"0,5098",5
[E3201Q] SCIENZE E TECNOLOGIE PER L'AMBIENTE,[E3201Q076] ECOLOGIA,E3201Q076,76,32,14,"0,5161",6
[E3201Q] SCIENZE E TECNOLOGIE PER L'AMBIENTE,[E3201Q069] BOTANICA,E3201Q069,112,57,18,"0,6064",7
[E3201Q] SCIENZE E TECNOLOGIE PER L'AMBIENTE,[E3201Q073] FISICA APPLICATA,E3201Q073,42,11,24,"0,6111",8
[E3201Q] SCIENZE E TECNOLOGIE PER L'AMBIENTE,[E3201Q091] FISICA TERRESTRE,E3201Q091,60,29,15,"0,6444",9
[E3201Q] SCIENZE E TECNOLOGIE PER L'AMBIENTE,[E3201Q107] PRINCIPI DI SCIENZE DELLA TERRA,E3201Q107,124,79,6,"0,6695",10
[E3301M] ECONOMIA E COMMERCIO,[E1501N051] GEOGRAFIA DEL TURISMO,E1501N051,1,0,1,,1
[E3301M] ECONOMIA E COMMERCIO,[E4101B018] ECONOMIA DEI MERCATI MONETARI E FINANZIARI,E4101B018,2,0,1,"0,0000",2
[E3301M] ECONOMIA E COMMERCIO,[E4102B066] DEMOGRAFIA,E4102B066,2,0,1,"0,0000",3
[E3301M] ECONOMIA E COMMERCIO,[E3301M131] METODI MATEMATICI,E3301M131,299,87,31,"0,3246",4
[E3301M] ECONOMIA E COMMERCIO,[E1501N065] ECONOMIA CULTURALE E AMBIENTALE,E1501N065,2,1,0,"0,5000",5
[E3301M] ECONOMIA E COMMERCIO,[E1801M050] LINGUA - FRANCESE,E1801M050,2,1,0,"0,5000",6
[E3301M] ECONOMIA E COMMERCIO,[E3301M192] STATISTICA,E3301M192,289,115,64,"0,5111",7
[E3301M] ECONOMIA E COMMERCIO,[E3301M128] MATEMATICA GENERALE I,E3301M128,414,190,49,"0,5205",8
[E3301M] ECONOMIA E COMMERCIO,[E3301M182] LINGUA-SPAGNOLO,E3301M182,121,63,18,"0,6117",9
[E3301M] ECONOMIA E COMMERCIO,"[E3301M148] ECONOMIA,GESTIONE DELLE IMPRESE INDUSTRIALI E MARKETING",E3301M148,125,73,7,"0,6186",10
[E3401Q] SCIENZE E TECNOLOGIE GEOLOGICHE,[E3201Q072] PRINCIPI DI DIRITTO AMBIENTALE,E3201Q072,2,0,1,"0,0000",1
[E3401Q] SCIENZE E TECNOLOGIE GEOLOGICHE,[E3401Q055] GEOLOGIA STRUTTURALE,E3401Q055,49,1,15,"0,0294",2
[E3401Q] SCIENZE E TECNOLOGIE GEOLOGICHE,[E3401Q038] INFORMATICA PER LE SCIENZE DELLA TERRA,E3401Q038,81,12,19,"0,1935",3
[E3401Q] SCIENZE E TECNOLOGIE GEOLOGICHE,[E3401Q051] GEOFISICA,E3401Q051,96,23,48,"0,4792",4
[E3401Q] SCIENZE E TECNOLOGIE GEOLOGICHE,[E3401Q039] PRINCIPI DI GEOLOGIA,E3401Q039,151,59,36,"0,5130",5
[E3401Q] SCIENZE E TECNOLOGIE GEOLOGICHE,[E3401Q013] MINERALOGIA,E3401Q013,156,53,58,"0,5408",6
[E3401Q] SCIENZE E TECNOLOGIE GEOLOGICHE,[E3401Q036] RILEVAMENTO GEOLOGICO,E3401Q036,92,23,50,"0,5476",7
[E3401Q] SCIENZE E TECNOLOGIE GEOLOGICHE,[E3401Q052] GEOLOGIA DEL QUATERNARIO,E3401Q052,33,17,5,"0,6071",8
[E3401Q] SCIENZE E TECNOLOGIE GEOLOGICHE,[E1301Q059] ECOLOGIA APPLICATA,E1301Q059,15,7,4,"0,6364",9
[E3401Q] SCIENZE E TECNOLOGIE GEOLOGICHE,[E3401Q002] FISICA,E3401Q002,93,35,42,"0,6863",10
[E3501Q] MATEMATICA,[E3301M159] STATISTICA PER L'AZIENDA,E3301M159,3,0,3,,1
[E3501Q] MATEMATICA,[E3001Q038] CHIMICA,E3001Q038,1,0,0,"0,0000",2
[E3501Q] MATEMATICA,[E3501Q003] ALGEBRA I,E3501Q003,117,23,17,"0,2300",3
[E3501Q] MATEMATICA,[E3001Q054] ELEMENTI DI ASTROFISICA,E3001Q054,5,1,1,"0,2500",4
[E3501Q] MATEMATICA,[E3501Q056] ANALISI III,E3501Q056,23,8,6,"0,4706",5
[E3501Q] MATEMATICA,[E3501Q064] CALCOLO NUMERICO,E3501Q064,39,18,2,"0,4865",6
[E3501Q] MATEMATICA,[E4101B017] ECONOMETRIA,E4101B017,2,1,0,"0,5000",7
[E3501Q] MATEMATICA,[E3501Q062] STATISTICA MATEMATICA,E3501Q062,41,22,4,"0,5946",8
[E3501Q] MATEMATICA,[E3001Q043] FISICA III,E3001Q043,6,3,1,"0,6000",9
[E3501Q] MATEMATICA,[E3501Q012] SISTEMI DINAMICI E MECCANICA CLASSICA,E3501Q012,38,24,1,"0,6486",10
[E3901N] SERVIZIO SOCIALE,[E3901N003] ISTITUZIONI DI DIRITTO PUBBLICO,E3901N003,179,69,38,"0,4894",1
[E3901N] SERVIZIO SOCIALE,[E3901N031] DISAGIO PSICHICO,E3901N031,60,44,3,"0,7719",2
[E3901N] SERVIZIO SOCIALE,[E3901N028] PSICOLOGIA DELLO SVILUPPO,E3901N028,192,61,114,"0,7821",3
[E3901N] SERVIZIO SOCIALE,[E3901N006] ANTROPOLOGIA CULTURALE,E3901N006,104,83,2,"0,8137",4
[E3901N] SERVIZIO SOCIALE,[E3901N004] PSICOLOGIA SOCIALE II,E3901N004,107,83,11,"0,8646",5
[E3901N] SERVIZIO SOCIALE,[E3901N008] PRINCIPI E FONDAMENTI DEL SERVIZIO SOCIALE,E3901N008,95,80,8,"0,9195",6
[E3901N] SERVIZIO SOCIALE,[E3901N012] DIRITTO PRIVATO E DI FAMIGLIA,E3901N012,54,44,8,"0,9565",7
[E3901N] SERVIZIO SOCIALE,[E3901N007] FILOSOFIA POLITICA,E3901N007,72,69,0,"0,9583",8
[E3901N] SERVIZIO SOCIALE,[E3901N018] ORGANIZZAZIONE DEI SERVIZI SOCIALI,E3901N018,78,74,1,"0,9610",9
[E3901N] SERVIZIO SOCIALE,[E3901N020] TIROCINIO,E3901N020,98,94,1,"0,9691",10
[E4001N] SOCIOLOGIA,[E2001R027] ANTROPOLOGIA DELLA CONTEMPORANEITÀ,E2001R027,1,0,1,,1
[E4001N] SOCIOLOGIA,[E2401P103] PSICOPATOLOGIA GENERALE,E2401P103,2,0,2,,2
[E4001N] SOCIOLOGIA,[A5810015] DIRITTO PENALE,A5810015,1,0,0,"0,0000",3
[E4001N] SOCIOLOGIA,[E2401P026] PSICOLOGIA GIURIDICA,E2401P026,3,0,2,"0,0000",4
[E4001N] SOCIOLOGIA,[E4001N015] STORIA CONTEMPORANEA,E4001N015,257,74,78,"0,4134",5
[E4001N] SOCIOLOGIA,[E1901R005] PSICOLOGIA DELL'EDUCAZIONE,E1901R005,7,3,0,"0,4286",6
[E4001N] SOCIOLOGIA,[E1901R087] PEDAGOGIA DELL'ADOLESCENZA,E1901R087,5,2,1,"0,5000",7
[E4001N] SOCIOLOGIA,[E4001N009] DEMOGRAFIA,E4001N009,309,177,35,"0,6460",8
[E4001N] SOCIOLOGIA,"[E2401P015] MOTIVAZIONE, EMOZIONE E PERSONALITÀ",E2401P015,9,4,3,"0,6667",9
[E4001N] SOCIOLOGIA,[E1401A040] CRIMINOLOGIA,E1401A040,8,5,1,"0,7143",10
[E4101B] SCIENZE STATISTICHE ED ECONOMICHE,[E1401A005] DIRITTO COSTITUZIONALE,E1401A005,1,0,1,,1
[E4101B] SCIENZE STATISTICHE ED ECONOMICHE,[E1801M031] ECONOMIA AZIENDALE,E1801M031,1,0,1,,2
[E4101B] SCIENZE STATISTICHE ED ECONOMICHE,[E3301M180] LINGUA - INGLESE,E3301M180,3,0,2,"0,0000",3
[E4101B] SCIENZE STATISTICHE ED ECONOMICHE,[E4101B002] ALGEBRA LINEARE,E4101B002,204,45,18,"0,2419",4
[E4101B] SCIENZE STATISTICHE ED ECONOMICHE,[E4101B001] ANALISI MATEMATICA I,E4101B001,315,86,35,"0,3071",5
[E4101B] SCIENZE STATISTICHE ED ECONOMICHE,[E4101B003] INFORMATICA,E4101B003,182,58,21,"0,3602",6
[E4101B] SCIENZE STATISTICHE ED ECONOMICHE,[E4101B006] CALCOLO DELLE PROBABILITÀ,E4101B006,142,56,0,"0,3944",7
[E4101B] SCIENZE STATISTICHE ED ECONOMICHE,[E4101B023] ECONOMIA INDUSTRIALE,E4101B023,131,54,22,"0,4954",8
[E4101B] SCIENZE STATISTICHE ED ECONOMICHE,[E2004P038] WEB MARKETING,E2004P038,2,1,0,"0,5000",9
[E4101B] SCIENZE STATISTICHE ED ECONOMICHE,[E4101B005] STATISTICA I,E4101B005,210,107,11,"0,5377",10
[E4102B] STATISTICA E GESTIONE DELLE INFORMAZIONI,[E4101B008] STATISTICA ECONOMICA I,E4101B008,1,0,0,"0,0000",1
[E4102B] STATISTICA E GESTIONE DELLE INFORMAZIONI,[E4102B002] ALGEBRA LINEARE,E4102B002,144,25,29,"0,2174",2
[E4102B] STATISTICA E GESTIONE DELLE INFORMAZIONI,[E4102B067] INFORMATICA,E4102B067,214,47,25,"0,2487",3
[E4102B] STATISTICA E GESTIONE DELLE INFORMAZIONI,[E4102B005] STATISTICA I,E4102B005,264,65,32,"0,2802",4
[E4102B] STATISTICA E GESTIONE DELLE INFORMAZIONI,[E4102B006] CALCOLO DELLE PROBABILITÀ,E4102B006,93,44,6,"0,5057",5
[E4102B] STATISTICA E GESTIONE DELLE INFORMAZIONI,[E4102B081] STATISTICA II,E4102B081,64,31,9,"0,5636",6
[E4102B] STATISTICA E GESTIONE DELLE INFORMAZIONI,[E4101B022] STATISTICA AZIENDALE,E4101B022,3,2,0,"0,6667",7
[E4102B] STATISTICA E GESTIONE DELLE INFORMAZIONI,[E4102B054] STATISTICA MEDICA,E4102B054,95,62,8,"0,7126",8
[E4102B] STATISTICA E GESTIONE DELLE INFORMAZIONI,[E4102B043] PIANO DEGLI ESPERIMENTI,E4102B043,13,9,1,"0,7500",9
[E4102B] STATISTICA E GESTIONE DELLE INFORMAZIONI,[E4102B026] DEMOGRAFIA SOCIALE (MOBILITÀ E MIGRAZIONI),E4102B026,14,10,1,"0,7692",10
[F0101R] SCIENZE ANTROPOLOGICHE ED ETNOLOGICHE,[F0101R002] MODELLI TEORICI DELL'ANTROPOLOGIA,F0101R002,65,38,13,"0,7308",1
[F0101R] SCIENZE ANTROPOLOGICHE ED ETNOLOGICHE,[F0101R012] ANTROPOLOGIA DELLA PARENTELA E DI GENERE,F0101R012,72,49,7,"0,7538",2
[F0101R] SCIENZE ANTROPOLOGICHE ED ETNOLOGICHE,[F0101R021] SOCIOLOGIA DEI PROCESSI CULT. E COM.,F0101R021,10,9,0,"0,9000",3
[F0101R] SCIENZE ANTROPOLOGICHE ED ETNOLOGICHE,[F0101R067] CULTURE E SOCIETA' DELLA CINA,F0101R067,12,9,2,"0,9000",4
[F0101R] SCIENZE ANTROPOLOGICHE ED ETNOLOGICHE,[F0101R068] CULTURE E SOCIETA' DELLE AMERICHE,F0101R068,16,12,3,"0,9231",5
[F0101R] SCIENZE ANTROPOLOGICHE ED ETNOLOGICHE,[F0101R006] ANTROPOLOGIA ECONOMICA E SVILUPPO,F0101R006,47,30,15,"0,9375",6
[F0101R] SCIENZE ANTROPOLOGICHE ED ETNOLOGICHE,[F0101R001] METODOLOGIA RICERCA ANTROPOLOGICA,F0101R001,52,37,14,"0,9737",7
[F0101R] SCIENZE ANTROPOLOGICHE ED ETNOLOGICHE,[F0101R003] ANTROPOLOGIA POLITICA,F0101R003,32,27,5,"1,0000",8
[F0101R] SCIENZE ANTROPOLOGICHE ED ETNOLOGICHE,[F0101R004] ANTROPOLOGIA DELLE RELIGIONI,F0101R004,32,26,6,"1,0000",9
[F0101R] SCIENZE ANTROPOLOGICHE ED ETNOLOGICHE,[F0101R007] ANTROPOLOGIA ESTETICA,F0101R007,11,10,1,"1,0000",10
[F0601Q] BIOLOGIA,[A5810070] MEDICINA LEGALE,A5810070,2,0,2,,1
[F0601Q] BIOLOGIA,[F0802Q054] METODOLOGIE BIOINFORMATICHE,F0802Q054,1,0,0,"0,0000",2
[F0601Q] BIOLOGIA,[F7501Q082] BIODIVERSITÀ E CONSERVAZIONE,F7501Q082,1,0,0,"0,0000",3
[F0601Q] BIOLOGIA,[F0601Q061] PATOLOGIE DEL METABOLISMO,F0601Q061,14,4,4,"0,4000",4
[F0601Q] BIOLOGIA,[F0601Q073] CITOGENETICA,F0601Q073,65,25,8,"0,4386",5
[F0601Q] BIOLOGIA,[F0802Q038] GENETICA MOLECOLARE,F0802Q038,2,1,0,"0,5000",6
[F0601Q] BIOLOGIA,[F0601Q077] BIOSTATISTICA,F0601Q077,90,42,8,"0,5122",7
[F0601Q] BIOLOGIA,[F0601Q067] EMBRIOLOGIA,F0601Q067,60,34,6,"0,6296",8
[F0601Q] BIOLOGIA,[F0601Q055] SIMBIOSI,F0601Q055,7,4,1,"0,6667",9
[F0601Q] BIOLOGIA,[F0601Q069] ONCOLOGIA MOLECOLARE E CELLULARE,F0601Q069,15,10,1,"0,7143",10
[F0802Q] BIOTECNOLOGIE INDUSTRIALI,[F0802Q050] NANOBIOTECNOLOGIE,F0802Q050,56,24,6,"0,4800",1
[F0802Q] BIOTECNOLOGIE INDUSTRIALI,[F0802Q060] INGEGNERIA DI PROCESSO,F0802Q060,12,5,3,"0,5556",2
[F0802Q] BIOTECNOLOGIE INDUSTRIALI,[F0802Q039] BIOLOGIA MOLECOLARE APPLICATA,F0802Q039,47,25,3,"0,5682",3
[F0802Q] BIOTECNOLOGIE INDUSTRIALI,[F0802Q043] ANALISI DI BIOMOLECOLE,F0802Q043,22,11,3,"0,5789",4
[F0802Q] BIOTECNOLOGIE INDUSTRIALI,[F0802Q059] FARMACOLOGIA APPLICATA,F0802Q059,36,18,7,"0,6207",5
[F0802Q] BIOTECNOLOGIE INDUSTRIALI,[F0802Q046] INTERAZIONI LIGANDO-MACROMOLECOLA,F0802Q046,9,6,0,"0,6667",6
[F0802Q] BIOTECNOLOGIE INDUSTRIALI,[F0802Q066] CHIMICA ORGANICA FARMACEUTICA,F0802Q066,9,6,0,"0,6667",7
[F0802Q] BIOTECNOLOGIE INDUSTRIALI,[F0802Q051] PROPRIETA' INTELLETTUALE,F0802Q051,86,45,19,"0,6716",8
[F0802Q] BIOTECNOLOGIE INDUSTRIALI,[F0802Q063] BIOCHIMICA DEI TUMORI,F0802Q063,13,9,0,"0,6923",9
[F0802Q] BIOTECNOLOGIE INDUSTRIALI,[F0802Q058] INGEGNERIA METABOLICA E BIOPROCESSI DI NUOVA GENERAZIONE,F0802Q058,23,14,3,"0,7000",10
[F0901D] BIOTECNOLOGIE MEDICHE,[F0901D029] BIOTECNOLOGIE IN DIAGNOSTICA,F0901D029,48,25,5,"0,5814",1
[F0901D] BIOTECNOLOGIE MEDICHE,[F0901D034] LA GENETICA NELLA PRATICA CLINICA,F0901D034,48,27,4,"0,6136",2
[F0901D] BIOTECNOLOGIE MEDICHE,[F0901D044] FISIOLOGIA INTEGRATA:DALLE CELLULE AI SISTEMI,F0901D044,20,12,2,"0,6667",3
[F0901D] BIOTECNOLOGIE MEDICHE,[F0901D039] BIOTECHNOLOGY APPLICATIONS IN THERAPY,F0901D039,39,22,9,"0,7333",4
[F0901D] BIOTECNOLOGIE MEDICHE,[F0901D025] BIOTECNOLOGIE MICROBICHE,F0901D025,39,27,3,"0,7500",5
[F0901D] BIOTECNOLOGIE MEDICHE,[F0901D043] ANALISI DEI DATI,F0901D043,18,7,9,"0,7778",6
[F0901D] BIOTECNOLOGIE MEDICHE,[F0901D040] GENOMICA FUNZIONALE,F0901D040,44,32,3,"0,7805",7
[F0901D] BIOTECNOLOGIE MEDICHE,[F0901D042] NANOMEDICINA,F0901D042,42,36,0,"0,8571",8
[F0901D] BIOTECNOLOGIE MEDICHE,[F0901D045] PHARMACOLOGY,F0901D045,32,25,4,"0,8929",9
[F0901D] BIOTECNOLOGIE MEDICHE,[F0901D041] MEDICINA MOLECOLARE,F0901D041,32,28,3,"0,9655",10
[F1601M] ECONOMIA E FINANZA,[F1601M055] STRATEGIE DI INVESTIMENTO,F1601M055,78,12,40,"0,3158",1
[F1601M] ECONOMIA E FINANZA,[F1601M056] INFORMATICA PER LA FINANZA,F1601M056,93,32,14,"0,4051",2
[F1601M] ECONOMIA E FINANZA,[F1601M063] ECONOMIA E FINANZA DEI MERCATI GLOBALI,F1601M063,40,8,25,"0,5333",3
[F1601M] ECONOMIA E FINANZA,[F1601M042] ULTERIORI CONOSCENZE LINGUISTICHE PER LA FINANZA - INGLESE,F1601M042,106,56,26,"0,7000",4
[F1601M] ECONOMIA E FINANZA,[F5102P019] PSICOLOGIA DELLE CONDOTTE FINANZIARIE,F5102P019,12,5,5,"0,7143",5
[F1601M] ECONOMIA E FINANZA,[F1601M053] STATISTICA PER LA FINANZA,F1601M053,41,31,5,"0,8611",6
[F1601M] ECONOMIA E FINANZA,[F1601M058] DIRITTO DEI MERCATI FINANZIARI,F1601M058,81,55,20,"0,9016",7
[F1601M] ECONOMIA E FINANZA,[F1601M051] QUANTITATIVE FINANCE,F1601M051,98,85,4,"0,9043",8
[F1601M] ECONOMIA E FINANZA,[F1601M054] FINANCIAL ECONOMICS,F1601M054,82,70,5,"0,9091",9
[F1601M] ECONOMIA E FINANZA,[F1601M050] ECONOMETRICS,F1601M050,73,62,5,"0,9118",10
[F1701Q] FISICA,[F1701Q104] METODI SPERIMENTALI IN FISICA DELLE ALTE ENERGIE,F1701Q104,1,0,0,"0,0000",1
[F1701Q] FISICA,[F4001Q094] METODI MATEMATICI PER L?ANALISI ECONOMICA ? CONTROLLO OTTIMO,F4001Q094,1,0,0,"0,0000",2
[F1701Q] FISICA,[F1701Q082] TEORIA DELLA MATERIA CONDENSATA II,F1701Q082,2,1,0,"0,5000",3
[F1701Q] FISICA,[F1701Q126] APPLICAZIONI DELLA FISICA ALLA MEDICINA,F1701Q126,2,1,0,"0,5000",4
[F1701Q] FISICA,[F1701Q096] ANALISI STATISTICA DEI DATI,F1701Q096,5,3,0,"0,6000",5
[F1701Q] FISICA,[F1701Q131] LABORATORIO DI FISICA DEI PLASMI I,F1701Q131,5,3,0,"0,6000",6
[F1701Q] FISICA,[F1701Q138] RADIAZIONI ELETTROMAGNETICHE NON IONIZZANTI,F1701Q138,6,3,1,"0,6000",7
[F1701Q] FISICA,[F1701Q106] RADIOATTIVITA',F1701Q106,5,2,2,"0,6667",8
[F1701Q] FISICA,[F1701Q135] TEORIA QUANTISTICA DEI CAMPI I,F1701Q135,3,2,0,"0,6667",9
[F1701Q] FISICA,[F1701Q121] LABORATORIO DI MISURE NUCLEARI E SUBNUCLEARI I,F1701Q121,7,5,0,"0,7143",10
[F1801Q] INFORMATICA,[F1801Q134] APPRENDIMENTO AUTOMATICO,F1801Q134,106,62,9,"0,6392",1
[F1801Q] INFORMATICA,[F1801Q104] DATA ANALYTICS,F1801Q104,24,14,6,"0,7778",2
[F1801Q] INFORMATICA,[F1801Q107] SISTEMI COMPLESSI: MODELLI E SIMULAZIONE,F1801Q107,18,14,0,"0,7778",3
[F1801Q] INFORMATICA,[F1801Q124] TECNOLOGIE ED APPLICAZIONI DEI SISTEMI DISTRIBUITI,F1801Q124,6,4,1,"0,8000",4
[F1801Q] INFORMATICA,[F1801Q103] SISTEMI INFORMATIVI,F1801Q103,11,5,5,"0,8333",5
[F1801Q] INFORMATICA,[F1801Q123] SICUREZZA INFORMATICA,F1801Q123,58,39,12,"0,8478",6
[F1801Q] INFORMATICA,[F1801Q105] DATA AND TEXT MINING,F1801Q105,17,11,6,"1,0000",7
[F1801Q] INFORMATICA,[F1801Q106] INTELLIGENZA ARTIFICIALE,F1801Q106,16,9,7,"1,0000",8
[F1801Q] INFORMATICA,[F1801Q108] BIOINFORMATICA,F1801Q108,9,9,0,"1,0000",9
[F1801Q] INFORMATICA,[F1801Q109] BIOLOGIA COMPUTAZIONALE,F1801Q109,5,5,0,"1,0000",10
[F4001Q] MATEMATICA,[F4001Q056] CALCOLO DELLE VARIAZIONI,F4001Q056,2,0,1,"0,0000",1
[F4001Q] MATEMATICA,[F4001Q094] METODI MATEMATICI PER L?ANALISI ECONOMICA ? CONTROLLO OTTIMO,F4001Q094,13,6,2,"0,5455",2
[F4001Q] MATEMATICA,[F4001Q095] METODI MATEMATICI PER L?ANALISI ECONOMICA ? OTTIMIZZAZIONE E ANALISI CONVESSA,F4001Q095,5,3,0,"0,6000",3
[F4001Q] MATEMATICA,[F4001Q071] GEOMETRIA DIFFERENZIALE,F4001Q071,4,2,1,"0,6667",4
[F4001Q] MATEMATICA,[F4001Q074] ANALISI ARMONICA,F4001Q074,10,5,3,"0,7143",5
[F4001Q] MATEMATICA,[F4001Q084] MATEMATICA ELEMENTARE,F4001Q084,9,5,2,"0,7143",6
[F4001Q] MATEMATICA,[F4001Q075] ANALISI FUNZIONALE,F4001Q075,4,3,0,"0,7500",7
[F4001Q] MATEMATICA,[F4001Q080] MODELLAZIONE GEOMETRICA E GRAFICA COMPUTAZIONALE,F4001Q080,6,4,1,"0,8000",8
[F4001Q] MATEMATICA,[F4001Q090] COMBINATORICA ALGEBRICA,F4001Q090,12,8,2,"0,8000",9
[F4001Q] MATEMATICA,[F4001Q055] ANALISI SUPERIORE,F4001Q055,13,9,2,"0,8182",10
"[F4901N] TURISMO, TERRITORIO E SVILUPPO LOCALE",[F4901N001] INGLESE PER IL TURISMO,F4901N001,45,28,7,"0,7368",1
"[F4901N] TURISMO, TERRITORIO E SVILUPPO LOCALE",[F4901N075] ECOLOGIA,F4901N075,13,11,0,"0,8462",2
"[F4901N] TURISMO, TERRITORIO E SVILUPPO LOCALE",[F4901N003] COMUNICAZIONE PER IL TURISMO,F4901N003,21,16,3,"0,8889",3
"[F4901N] TURISMO, TERRITORIO E SVILUPPO LOCALE",[F4901N015] RELAZIONI INTERCULTURALI,F4901N015,13,8,4,"0,8889",4
"[F4901N] TURISMO, TERRITORIO E SVILUPPO LOCALE",[F4901N074] GEOGRAFIA DEGLI SPAZI EXTRAEUROPEI,F4901N074,11,9,1,"0,9000",5
"[F4901N] TURISMO, TERRITORIO E SVILUPPO LOCALE",[F4901N071] METODI QUANTITATIVI E QUALITATIVI DELLA RICERCA SOCIALE,F4901N071,46,32,11,"0,9143",6
"[F4901N] TURISMO, TERRITORIO E SVILUPPO LOCALE",[F4901N004] STORIA DELLE POLITICHE CULTURALI,F4901N004,49,35,12,"0,9459",7
"[F4901N] TURISMO, TERRITORIO E SVILUPPO LOCALE",[F4901N070] DEMOGRAFIA INTERNAZIONALE,F4901N070,59,46,11,"0,9583",8
"[F4901N] TURISMO, TERRITORIO E SVILUPPO LOCALE",[F4901N009] GEOGRAFIA,F4901N009,86,44,41,"0,9778",9
"[F4901N] TURISMO, TERRITORIO E SVILUPPO LOCALE",[F4901N013] POLITICHE PER LO SVILUPPO RURALE,F4901N013,10,10,0,"1,0000",10
"[F5101P] PSICOLOGIA CLINICA, DELLO SVILUPPO E NEUROPSICOLOGIA",[F5103P072] TECNICHE STATISTICHE PER L'ANALISI DEL CAMBIAMENTO,F5103P072,2,1,0,"0,5000",1
"[F5101P] PSICOLOGIA CLINICA, DELLO SVILUPPO E NEUROPSICOLOGIA",[F5104P011] METODI NEURO-FUNZIONALI IN NEUROPSICOLOGIA E PSICOLOGIA CLINICA,F5104P011,2,1,0,"0,5000",2
"[F5101P] PSICOLOGIA CLINICA, DELLO SVILUPPO E NEUROPSICOLOGIA",[F5101P121] NEUROPSICOLOGIA DELLO SVILUPPO,F5101P121,78,60,1,"0,7792",3
"[F5101P] PSICOLOGIA CLINICA, DELLO SVILUPPO E NEUROPSICOLOGIA",[F5101P137] NORMALITA' E PATOLOGIA NELLE RELAZIONI FAMILIARI,F5101P137,185,126,45,"0,9000",4
"[F5101P] PSICOLOGIA CLINICA, DELLO SVILUPPO E NEUROPSICOLOGIA",[F5101P129] LABORATORIO: LA VALUTAZIONE DEL FUNZIONAMENTO RELAZIONALE,F5101P129,35,33,0,"0,9429",5
"[F5101P] PSICOLOGIA CLINICA, DELLO SVILUPPO E NEUROPSICOLOGIA",[F5101P139] PSICOLOGIA DELLA SALUTE E INTERVENTI CLINICI IN AMBITO SANITARIO,F5101P139,194,116,71,"0,9431",6
"[F5101P] PSICOLOGIA CLINICA, DELLO SVILUPPO E NEUROPSICOLOGIA",[F5101P126] PSICOBIOLOGIA DEL CICLO DI VITA,F5101P126,244,210,24,"0,9545",7
"[F5101P] PSICOLOGIA CLINICA, DELLO SVILUPPO E NEUROPSICOLOGIA",[F5101P143] LABORATORIO: METODI STRUMENTALI NELLE NEUROSCIENZE COGNITIVE,F5101P143,23,22,0,"0,9565",8
"[F5101P] PSICOLOGIA CLINICA, DELLO SVILUPPO E NEUROPSICOLOGIA",[F5101P128] LABORATORIO: EMOZIONI E QUALITA' DELLE RELAZIONI,F5101P128,29,28,0,"0,9655",9
"[F5101P] PSICOLOGIA CLINICA, DELLO SVILUPPO E NEUROPSICOLOGIA",[F5101P138] DALLA DIAGNOSI ALLA INDICAZIONE DEL TRATTAMENTO,F5101P138,35,31,3,"0,9688",10
"[F5102P] PSICOLOGIA DEI PROCESSI SOCIALI, DECISIONALI E DEI COMPORTAMENTI ECONOMICI",[F5104P001] ANALISI MULTIVARIATA DEI DATI,F5104P001,1,0,0,"0,0000",1
"[F5102P] PSICOLOGIA DEI PROCESSI SOCIALI, DECISIONALI E DEI COMPORTAMENTI ECONOMICI",[F5102P017] PSICOLOGIA DEI CONSUMI,F5102P017,96,44,8,"0,5000",2
"[F5102P] PSICOLOGIA DEI PROCESSI SOCIALI, DECISIONALI E DEI COMPORTAMENTI ECONOMICI",[F5102P094] PSICOLOGIA SOCIALE DELLA RELIGIONE,F5102P094,10,6,1,"0,6667",3
"[F5102P] PSICOLOGIA DEI PROCESSI SOCIALI, DECISIONALI E DEI COMPORTAMENTI ECONOMICI",[F5102P006] METODOLOGIE QUANTITATIVE,F5102P006,134,88,3,"0,6718",4
"[F5102P] PSICOLOGIA DEI PROCESSI SOCIALI, DECISIONALI E DEI COMPORTAMENTI ECONOMICI",[F5102P003] METODOLOGIE QUALITATIVE,F5102P003,80,45,14,"0,6818",5
"[F5102P] PSICOLOGIA DEI PROCESSI SOCIALI, DECISIONALI E DEI COMPORTAMENTI ECONOMICI",[F5102P012] COMUNICAZIONE NELLE ORGANIZZAZIONE E COMUNICAZIONE SOCIALE,F5102P012,98,66,13,"0,7765",6
"[F5102P] PSICOLOGIA DEI PROCESSI SOCIALI, DECISIONALI E DEI COMPORTAMENTI ECONOMICI",[F5102P005] PSICOLOGIA DEL PENSIERO E DEI PROCESSI DECISIONALI: CORSO AVANZATO,F5102P005,129,67,47,"0,8171",7
"[F5102P] PSICOLOGIA DEI PROCESSI SOCIALI, DECISIONALI E DEI COMPORTAMENTI ECONOMICI",[F5102P014] PROCESSI MOTIVAZIONALI E DECISION MAKING,F5102P014,32,18,10,"0,8182",8
"[F5102P] PSICOLOGIA DEI PROCESSI SOCIALI, DECISIONALI E DEI COMPORTAMENTI ECONOMICI",[F5102P015] PSICOLOGIA DELLE INFLUENZE SOCIALI,F5102P015,24,18,3,"0,8571",9
"[F5102P] PSICOLOGIA DEI PROCESSI SOCIALI, DECISIONALI E DEI COMPORTAMENTI ECONOMICI","[F5102P002] CONSULENZA, INTERVENTO, E SVILUPPO ORGANIZZATIVO",F5102P002,117,71,36,"0,8765",10
[F5103P] PSICOLOGIA DELLO SVILUPPO E DEI PROCESSI EDUCATIVI,[F5101P137] NORMALITA' E PATOLOGIA NELLE RELAZIONI FAMILIARI,F5101P137,1,0,0,"0,0000",1
[F5103P] PSICOLOGIA DELLO SVILUPPO E DEI PROCESSI EDUCATIVI,[F5104P002] NEUROPSICOLOGIA DELL'ADULTO E DELL'ANZIANO,F5104P002,1,0,0,"0,0000",2
[F5103P] PSICOLOGIA DELLO SVILUPPO E DEI PROCESSI EDUCATIVI,[F5103P009] PSICODINAMICA E ASSESSMENT DELLA GENITORIALITA',F5103P009,28,10,10,"0,5556",3
[F5103P] PSICOLOGIA DELLO SVILUPPO E DEI PROCESSI EDUCATIVI,[F5103P072] TECNICHE STATISTICHE PER L'ANALISI DEL CAMBIAMENTO,F5103P072,152,81,7,"0,5586",4
[F5103P] PSICOLOGIA DELLO SVILUPPO E DEI PROCESSI EDUCATIVI,[F5103P078] PSICHIATRIA E NEUROPSICHIATRIA INFANTILE,F5103P078,23,11,5,"0,6111",5
[F5103P] PSICOLOGIA DELLO SVILUPPO E DEI PROCESSI EDUCATIVI,[F5103P066] NEUROPSICOLOGIA DELLO SVILUPPO,F5103P066,84,65,0,"0,7738",6
[F5103P] PSICOLOGIA DELLO SVILUPPO E DEI PROCESSI EDUCATIVI,[F5103P003] PSICOLOGIA DELLO SVILUPPO COGNITIVO,F5103P003,109,76,14,"0,8000",7
[F5103P] PSICOLOGIA DELLO SVILUPPO E DEI PROCESSI EDUCATIVI,[F5103P065] PSICOLOGIA SOCIALE DEI CONTESTI EDUCATIVI,F5103P065,20,15,4,"0,9375",8
[F5103P] PSICOLOGIA DELLO SVILUPPO E DEI PROCESSI EDUCATIVI,[F5103P062] ECOLOGIA DELLO SVILUPPO,F5103P062,63,49,11,"0,9423",9
[F5103P] PSICOLOGIA DELLO SVILUPPO E DEI PROCESSI EDUCATIVI,[F5103P002] METODI DI RICERCA E VALUTAZIONE IN PSICOLOGIA DELLO SVILUPPO,F5103P002,105,86,14,"0,9451",10
[F5104P] PSICOLOGIA CLINICA E NEUROPSICOLOGIA NEL CICLO DI VITA,[F5103P062] ECOLOGIA DELLO SVILUPPO,F5103P062,1,0,0,"0,0000",1
[F5104P] PSICOLOGIA CLINICA E NEUROPSICOLOGIA NEL CICLO DI VITA,[F5102P094] PSICOLOGIA SOCIALE DELLA RELIGIONE,F5102P094,2,1,0,"0,5000",2
[F5104P] PSICOLOGIA CLINICA E NEUROPSICOLOGIA NEL CICLO DI VITA,[F5104P010] PSICHIATRIA E NEUROPSICHIATRIA INFANTILE,F5104P010,55,29,1,"0,5370",3
[F5104P] PSICOLOGIA CLINICA E NEUROPSICOLOGIA NEL CICLO DI VITA,[F5104P003] ORIGINI E SVILUPPO DELLA MENTE UMANA,F5104P003,296,172,35,"0,6590",4
[F5104P] PSICOLOGIA CLINICA E NEUROPSICOLOGIA NEL CICLO DI VITA,[F5104P005] PSICOLOGIA CLINICA,F5104P005,214,123,36,"0,6910",5
[F5104P] PSICOLOGIA CLINICA E NEUROPSICOLOGIA NEL CICLO DI VITA,[F5104P002] NEUROPSICOLOGIA DELL'ADULTO E DELL'ANZIANO,F5104P002,287,197,33,"0,7756",6
[F5104P] PSICOLOGIA CLINICA E NEUROPSICOLOGIA NEL CICLO DI VITA,[F5104P011] METODI NEURO-FUNZIONALI IN NEUROPSICOLOGIA E PSICOLOGIA CLINICA,F5104P011,41,31,2,"0,7949",7
[F5104P] PSICOLOGIA CLINICA E NEUROPSICOLOGIA NEL CICLO DI VITA,[F5104P012] NEUROLINGUISTICA,F5104P012,38,29,2,"0,8056",8
[F5104P] PSICOLOGIA CLINICA E NEUROPSICOLOGIA NEL CICLO DI VITA,[F5104P013] NEUROSCIENZE COGNITIVE DEI PROCESSI SOCIALI E AFFETTIVI,F5104P013,48,37,4,"0,8409",9
[F5104P] PSICOLOGIA CLINICA E NEUROPSICOLOGIA NEL CICLO DI VITA,[F5104P001] ANALISI MULTIVARIATA DEI DATI,F5104P001,249,168,60,"0,8889",10
[F5301Q] SCIENZA DEI MATERIALI,[F5301Q035] SUPERFICI E INTERFACCE,F5301Q035,2,0,1,"0,0000",1
[F5301Q] SCIENZA DEI MATERIALI,[F5301Q001] FISICA DELLO STATO SOLIDO,F5301Q001,16,2,0,"0,1250",2
[F5301Q] SCIENZA DEI MATERIALI,[F5301Q028] ELETTRONICA E FOTONICA MOLECOLARE,F5301Q028,4,1,1,"0,3333",3
[F5301Q] SCIENZA DEI MATERIALI,[F5301Q008] ANALISI FUNZIONALE,F5301Q008,26,17,1,"0,6800",4
[F5301Q] SCIENZA DEI MATERIALI,[F5301Q024] TERMODINAMICA E CINETICA DEI MATERIALI,F5301Q024,36,18,10,"0,6923",5
[F5301Q] SCIENZA DEI MATERIALI,[F5301Q030] CHIMICA DEI MATERIALI INORGANICI,F5301Q030,9,5,2,"0,7143",6
[F5301Q] SCIENZA DEI MATERIALI,[F5301Q015] CHIMICA E TECNOLOGIA DEI POLIMERI,F5301Q015,7,5,1,"0,8333",7
[F5301Q] SCIENZA DEI MATERIALI,[F5301Q026] FISICA DEI SEMICONDUTTORI,F5301Q026,6,5,0,"0,8333",8
[F5301Q] SCIENZA DEI MATERIALI,[F5301Q025] CHIMICA FISICA APPLICATA CON LABORATORIO,F5301Q025,8,7,0,"0,8750",9
[F5301Q] SCIENZA DEI MATERIALI,[F5301Q033] MATERIALI E DISPOSITIVI PER L'ENERGIA,F5301Q033,12,10,1,"0,9091",10
[F5401Q] SCIENZE E TECNOLOGIE CHIMICHE,[F0601Q058] BIODIVERSITA' VEGETALE,F0601Q058,7,0,6,"0,0000",1
[F5401Q] SCIENZE E TECNOLOGIE CHIMICHE,[F5401Q053] TERMODINAMICA DI NON EQUILIBRIO,F5401Q053,3,1,0,"0,3333",2
[F5401Q] SCIENZE E TECNOLOGIE CHIMICHE,[F5401Q054] CHIMICA DELLE FORMULAZIONI,F5401Q054,21,10,0,"0,4762",3
[F5401Q] SCIENZE E TECNOLOGIE CHIMICHE,[F5401Q044] ANALISI DI BIOMOLECOLE,F5401Q044,13,6,2,"0,5455",4
[F5401Q] SCIENZE E TECNOLOGIE CHIMICHE,[F5401Q026] MODELLISTICA MOLECOLARE,F5401Q026,22,11,4,"0,6111",5
[F5401Q] SCIENZE E TECNOLOGIE CHIMICHE,[F5401Q018] CHEMIOMETRIA,F5401Q018,45,28,6,"0,7179",6
[F5401Q] SCIENZE E TECNOLOGIE CHIMICHE,[F5401Q027] CHIMICA FISICA SUPERIORE,F5401Q027,45,22,17,"0,7857",7
[F5401Q] SCIENZE E TECNOLOGIE CHIMICHE,[F5401Q019] CHIMICA ORGANICA SUPERIORE,F5401Q019,32,19,8,"0,7917",8
[F5401Q] SCIENZE E TECNOLOGIE CHIMICHE,[F5401Q051] CHIMICA DEI MATERIALI MOLECOLARI,F5401Q051,5,4,0,"0,8000",9
[F5401Q] SCIENZE E TECNOLOGIE CHIMICHE,[F5401Q024] METODOLOGIE MODERNE DI SINTESI ORGANICA E ORGANOMETALLICA,F5401Q024,15,10,3,"0,8333",10
[F5602M] INTERNATIONAL ECONOMICS - ECONOMIA INTERNAZIONALE,[F5602M001] MATHEMATICAL METHODS AND PROGRAMMIG,F5602M001,31,20,3,"0,7143",1
[F5602M] INTERNATIONAL ECONOMICS - ECONOMIA INTERNAZIONALE,[F5602M012] PRINCIPLES OF CORPORATE FINANCE,F5602M012,35,26,5,"0,8667",2
[F5602M] INTERNATIONAL ECONOMICS - ECONOMIA INTERNAZIONALE,[F5602M003] MICROECONOMICS OF GLOBAL MARKETS,F5602M003,38,27,7,"0,8710",3
[F5602M] INTERNATIONAL ECONOMICS - ECONOMIA INTERNAZIONALE,[F5602M007] DEVELOPMENT ECONOMICS,F5602M007,36,28,6,"0,9333",4
[F5602M] INTERNATIONAL ECONOMICS - ECONOMIA INTERNAZIONALE,[F5602M017] GAMES AND STRATEGIC BEHAVIOUR,F5602M017,17,16,0,"0,9412",5
[F5602M] INTERNATIONAL ECONOMICS - ECONOMIA INTERNAZIONALE,[F1601M060] INTERNATIONAL FINANCIAL MARKETS,F1601M060,4,4,0,"1,0000",6
[F5602M] INTERNATIONAL ECONOMICS - ECONOMIA INTERNAZIONALE,[F5602M002] QUANTITATIVE METHODS,F5602M002,25,23,2,"1,0000",7
[F5602M] INTERNATIONAL ECONOMICS - ECONOMIA INTERNAZIONALE,[F5602M004] GLOBAL MACROECONOMICS,F5602M004,28,3,25,"1,0000",8
[F5602M] INTERNATIONAL ECONOMICS - ECONOMIA INTERNAZIONALE,[F5602M005] FINANCIAL MARKETS,F5602M005,30,28,2,"1,0000",9
[F5602M] INTERNATIONAL ECONOMICS - ECONOMIA INTERNAZIONALE,[F5602M006] HISTORY OF GLOBALIZATION,F5602M006,26,25,1,"1,0000",10
[F5701R] FORMAZIONE E SVILUPPO DELLE RISORSE UMANE,[F0101R008] ANTROPOLOGIA DEI PROCESSI MIGRATORI,F0101R008,1,0,1,,1
[F5701R] FORMAZIONE E SVILUPPO DELLE RISORSE UMANE,[F5102P017] PSICOLOGIA DEI CONSUMI,F5102P017,2,0,2,,2
[F5701R] FORMAZIONE E SVILUPPO DELLE RISORSE UMANE,[F8501R024] FILOSOFIA DELLA MENTE E TEORIA DEGLI AFFETTI,F8501R024,1,0,1,,3
[F5701R] FORMAZIONE E SVILUPPO DELLE RISORSE UMANE,[F9201P203] WEB MARKETING,F9201P203,1,0,1,,4
[F5701R] FORMAZIONE E SVILUPPO DELLE RISORSE UMANE,[F5102P022] INTERVENTO PSICOSOCIALE DI PROMOZIONE DEL BENESSERE,F5102P022,2,1,0,"0,5000",5
[F5701R] FORMAZIONE E SVILUPPO DELLE RISORSE UMANE,[F9201P201] ELEMENTI DI INFORMATICA,F9201P201,2,1,0,"0,5000",6
[F5701R] FORMAZIONE E SVILUPPO DELLE RISORSE UMANE,[F5701R002] METODOLOGIA DELLA FORMAZIONE,F5701R002,174,110,39,"0,8148",7
[F5701R] FORMAZIONE E SVILUPPO DELLE RISORSE UMANE,[F5701R010] SISTEMI INFORMATIVI PER LA GESTIONE DELLA CONOSCENZA,F5701R010,132,110,5,"0,8661",8
[F5701R] FORMAZIONE E SVILUPPO DELLE RISORSE UMANE,[F5701R011] TEORIE E MODELLI DELLA CONSULENZA PEDAG.,F5701R011,141,110,17,"0,8871",9
[F5701R] FORMAZIONE E SVILUPPO DELLE RISORSE UMANE,[F5701R003] TECNOLOGIE DELLA FORMAZIONE,F5701R003,129,81,39,"0,9000",10
[F5801Q] ASTROFISICA E FISICA DELLO SPAZIO,[F1701Q130] LABORATORIO DI STATO SOLIDO ED ELETTRONICA II,F1701Q130,1,0,1,,1
[F5801Q] ASTROFISICA E FISICA DELLO SPAZIO,[F5801Q020] RAGGI COSMICI,F5801Q020,1,0,1,,2
[F5801Q] ASTROFISICA E FISICA DELLO SPAZIO,[F5801Q023] LABORATORIO DI ASTROFISICA,F5801Q023,11,5,0,"0,4545",3
[F5801Q] ASTROFISICA E FISICA DELLO SPAZIO,[F5801Q019] STRUMENTAZIONE ASTRONOMICA,F5801Q019,2,1,0,"0,5000",4
[F5801Q] ASTROFISICA E FISICA DELLO SPAZIO,[F5801Q045] COSMOLOGIA,F5801Q045,10,5,1,"0,5556",5
[F5801Q] ASTROFISICA E FISICA DELLO SPAZIO,[F1701Q100] FISICA TEORICA II,F1701Q100,1,1,0,"1,0000",6
[F5801Q] ASTROFISICA E FISICA DELLO SPAZIO,[F1701Q129] LABORATORIO DI STATO SOLIDO ED ELETTRONICA I,F1701Q129,2,1,1,"1,0000",7
[F5801Q] ASTROFISICA E FISICA DELLO SPAZIO,[F5801Q015] ASTROFISICA STELLARE,F5801Q015,8,8,0,"1,0000",8
[F5801Q] ASTROFISICA E FISICA DELLO SPAZIO,[F5801Q018] ASTRONOMIA EXTRAGALATTICA,F5801Q018,10,9,1,"1,0000",9
[F5801Q] ASTROFISICA E FISICA DELLO SPAZIO,[F5801Q040] PROCESSI RADIATIVI,F5801Q040,16,15,1,"1,0000",10
[F6302N] MANAGEMENT E DESIGN DEI SERVIZI,[F6302N012] SISTEMI INFORMATIVI,F6302N012,1,0,0,"0,0000",1
[F6302N] MANAGEMENT E DESIGN DEI SERVIZI,[F7702M043] STORIA DELL'IMPRESA,F7702M043,4,0,3,"0,0000",2
[F6302N] MANAGEMENT E DESIGN DEI SERVIZI,[A5810032] SOCIOLOGIA DEL DIRITTO,A5810032,3,1,1,"0,5000",3
[F6302N] MANAGEMENT E DESIGN DEI SERVIZI,[F8801N045] GENERI E GENERAZIONI,F8801N045,2,1,0,"0,5000",4
[F6302N] MANAGEMENT E DESIGN DEI SERVIZI,[F5102P014] PROCESSI MOTIVAZIONALI E DECISION MAKING,F5102P014,13,6,2,"0,5455",5
[F6302N] MANAGEMENT E DESIGN DEI SERVIZI,[F6302N001] CAMBIAMENTO ORGANIZZATIVO,F6302N001,121,80,25,"0,8333",6
[F6302N] MANAGEMENT E DESIGN DEI SERVIZI,[F6302N014] DIRITTO AMMINISTRATIVO EUROPEO,F6302N014,38,30,5,"0,9091",7
[F6302N] MANAGEMENT E DESIGN DEI SERVIZI,[F6302N022] DIRITTO DEI CONSUMATORI,F6302N022,76,58,13,"0,9206",8
[F6302N] MANAGEMENT E DESIGN DEI SERVIZI,[F6302N017] MANAGEMENT E SCELTE STRATEGICHE,F6302N017,86,83,0,"0,9651",9
[F6302N] MANAGEMENT E DESIGN DEI SERVIZI,[F6302N010] MANAGEMENT E IMPRENDITORIALITÀ SOCIALE,F6302N010,58,57,0,"0,9828",10
[F7401Q] SCIENZE E TECNOLOGIE GEOLOGICHE,[F7502Q011] MARINE INVERTEBRATE ZOOLOGY,F7502Q011,2,0,2,,1
[F7401Q] SCIENZE E TECNOLOGIE GEOLOGICHE,[F7401Q080] PETROGENESI DEGLI AMBIENTI GEODINAMICI,F7401Q080,1,0,0,"0,0000",2
[F7401Q] SCIENZE E TECNOLOGIE GEOLOGICHE,[F7401Q078] GEOENERGIA,F7401Q078,3,1,0,"0,3333",3
[F7401Q] SCIENZE E TECNOLOGIE GEOLOGICHE,[F7401Q082] BIOFACIES,F7401Q082,5,2,1,"0,5000",4
[F7401Q] SCIENZE E TECNOLOGIE GEOLOGICHE,[F7401Q094] IDROGEOLOGIA GENERALE,F7401Q094,2,1,0,"0,5000",5
[F7401Q] SCIENZE E TECNOLOGIE GEOLOGICHE,[F7501Q004] VALUTAZIONE IMPATTO AMBIENTALE,F7501Q004,3,1,1,"0,5000",6
[F7401Q] SCIENZE E TECNOLOGIE GEOLOGICHE,[F7401Q065] VALUTAZIONE DEI RISCHI GEOLOGICI,F7401Q065,22,11,2,"0,5500",7
[F7401Q] SCIENZE E TECNOLOGIE GEOLOGICHE,[F7401Q095] PALEOCEANOGRAFIA E PALEOCLIMATOLOGIA,F7401Q095,5,3,0,"0,6000",8
[F7401Q] SCIENZE E TECNOLOGIE GEOLOGICHE,[F7401Q077] LABORATORIO MODELLAZIONE IDROGEOLOGICA,F7401Q077,10,6,1,"0,6667",9
[F7401Q] SCIENZE E TECNOLOGIE GEOLOGICHE,[F7401Q001] GEOLOGIA DEI BACINI SEDIMENTARI,F7401Q001,43,28,5,"0,7368",10
[F7501Q] SCIENZE E TECNOLOGIE PER L'AMBIENTE E IL TERRITORIO,[F5301Q033] MATERIALI E DISPOSITIVI PER L'ENERGIA,F5301Q033,1,0,0,"0,0000",1
[F7501Q] SCIENZE E TECNOLOGIE PER L'AMBIENTE E IL TERRITORIO,[F7501Q080] PROCESSI E IMPIANTI DI TRATTAMENTO E BONIFICA,F7501Q080,11,6,0,"0,5455",2
[F7501Q] SCIENZE E TECNOLOGIE PER L'AMBIENTE E IL TERRITORIO,[F7501Q004] VALUTAZIONE IMPATTO AMBIENTALE,F7501Q004,76,16,47,"0,5517",3
[F7501Q] SCIENZE E TECNOLOGIE PER L'AMBIENTE E IL TERRITORIO,[F7501Q085] ECOTOSSICOLOGIA,F7501Q085,28,14,4,"0,5833",4
[F7501Q] SCIENZE E TECNOLOGIE PER L'AMBIENTE E IL TERRITORIO,[F7501Q086] INQUINAMENTO E BONIFICA DELLE ACQUE SOTTERRANEE,F7501Q086,24,16,0,"0,6667",5
[F7501Q] SCIENZE E TECNOLOGIE PER L'AMBIENTE E IL TERRITORIO,[F7501Q046] ECOLOGIA DEL PAESAGGIO,F7501Q046,37,23,6,"0,7419",6
[F7501Q] SCIENZE E TECNOLOGIE PER L'AMBIENTE E IL TERRITORIO,[F7501Q047] CHEMIOMETRIA,F7501Q047,4,3,0,"0,7500",7
[F7501Q] SCIENZE E TECNOLOGIE PER L'AMBIENTE E IL TERRITORIO,[F7501Q089] ECOLOGIA E GESTIONE DELLE ACQUE INTERNE,F7501Q089,19,14,1,"0,7778",8
[F7501Q] SCIENZE E TECNOLOGIE PER L'AMBIENTE E IL TERRITORIO,[F7501Q084] CAMBIAMENTI CLIMATICI,F7501Q084,22,17,1,"0,8095",9
[F7501Q] SCIENZE E TECNOLOGIE PER L'AMBIENTE E IL TERRITORIO,[F7501Q059] TELERILEVAMENTO APPLICATO,F7501Q059,11,9,0,"0,8182",10
[F7502Q] MARINE SCIENCES - SCIENZE MARINE,[F7502Q001] CHEMISTRY OF MARINE ENVIRONMENT,F7502Q001,13,6,2,"0,5455",1
[F7502Q] MARINE SCIENCES - SCIENZE MARINE,[F7502Q013] GEOBIOLOGY,F7502Q013,6,4,0,"0,6667",2
[F7502Q] MARINE SCIENCES - SCIENZE MARINE,[F7502Q021] APPLIED GEOMORPHOLOGY AND HABITAT,F7502Q021,3,2,0,"0,6667",3
[F7502Q] MARINE SCIENCES - SCIENZE MARINE,[F7502Q005] PHYSICS OF THE SEA,F7502Q005,29,19,3,"0,7308",4
[F7502Q] MARINE SCIENCES - SCIENZE MARINE,[F7502Q011] MARINE INVERTEBRATE ZOOLOGY,F7502Q011,8,6,0,"0,7500",5
[F7502Q] MARINE SCIENCES - SCIENZE MARINE,[F7502Q006] INTERNATIONAL LAW OF THE SEA AND MARINE ENVIRONMENT PROTECTION,F7502Q006,31,25,2,"0,8621",6
[F7502Q] MARINE SCIENCES - SCIENZE MARINE,[F7502Q004] BIODIVERSITY AND MARINE ECOLOGY,F7502Q004,20,15,3,"0,8824",7
[F7502Q] MARINE SCIENCES - SCIENZE MARINE,[F7502Q002] INTRODUCTION TO MARINE BIOLOGY,F7502Q002,26,25,1,"1,0000",8
[F7502Q] MARINE SCIENCES - SCIENZE MARINE,[F7502Q003] INTRODUCTION TO MARINE PHYSICAL GEOGRAPHY,F7502Q003,28,20,8,"1,0000",9
[F7502Q] MARINE SCIENCES - SCIENZE MARINE,[F7502Q012] MARINE VERTEBRATE ZOOLOGY,F7502Q012,17,15,2,"1,0000",10
[F7601M] ECONOMIA DEL TURISMO,[F7601M051] STATISTICA PER IL TURISMO: MODELLI E APPLICAZIONI,F7601M051,56,11,14,"0,2619",1
[F7601M] ECONOMIA DEL TURISMO,[F7601M053] INFORMATICA E PROGRAMMAZIONE PER IL TURISMO,F7601M053,3,1,0,"0,3333",2
[F7601M] ECONOMIA DEL TURISMO,[F7601M075] PRINCIPI DI INFERENZA PER LE APPLICAZIONI TURISTICHE,F7601M075,42,16,4,"0,4211",3
[F7601M] ECONOMIA DEL TURISMO,[F7601M058] LINGUA SPAGNOLA PER LE SCIENZE TURISTICHE,F7601M058,36,16,10,"0,6154",4
[F7601M] ECONOMIA DEL TURISMO,[F7601M065] ULTERIORI CONOSCENZE LINGUISTICHE PER IL TURISMO - TEDESCO,F7601M065,3,2,0,"0,6667",5
[F7601M] ECONOMIA DEL TURISMO,[F7601M054] MATEMATICA PER L'ECONOMIA DEI FENOMENI TURISTICI,F7601M054,34,20,6,"0,7143",6
[F7601M] ECONOMIA DEL TURISMO,[F7601M050] DIRITTO DELL'AMBIENTE E DEI BENI CULTURALI,F7601M050,61,34,21,"0,8500",7
[F7601M] ECONOMIA DEL TURISMO,[F7601M011] GEOGRAFIA DEL TURISMO,F7601M011,68,48,12,"0,8571",8
[F7601M] ECONOMIA DEL TURISMO,[F7601M007] METODI STATISTICI PER IL TURISMO II,F7601M007,53,37,10,"0,8605",9
[F7601M] ECONOMIA DEL TURISMO,[F7601M060] DIRITTO DEL TURISMO PROGREDITO,F7601M060,61,45,11,"0,9000",10
[F7701M] SCIENZE ECONOMICO-AZIENDALI,[F7701M080] BILANCI DELLE SOCIETA' E DEI GRUPPI,F7701M080,290,137,49,"0,5685",1
[F7701M] SCIENZE ECONOMICO-AZIENDALI,[F7702M046] DIRITTO DELLE COMUNICAZIONI,F7702M046,5,2,2,"0,6667",2
[F7701M] SCIENZE ECONOMICO-AZIENDALI,[F7701M082] ELEMENTI DI PROGRAMMAZIONE,F7701M082,252,150,39,"0,7042",3
[F7701M] SCIENZE ECONOMICO-AZIENDALI,[F7701M002] ABILITÀ INFORMATICHE MAGISTRALE,F7701M002,260,160,51,"0,7656",4
[F7701M] SCIENZE ECONOMICO-AZIENDALI,[F7701M105] L'ATTIVITA' DEI CONTROLLI LEGALI,F7701M105,140,104,5,"0,7704",5
[F7701M] SCIENZE ECONOMICO-AZIENDALI,[F7701M027] DIRITTO INDUSTRIALE PER IL MANAGEMENT,F7701M027,65,42,12,"0,7925",6
[F7701M] SCIENZE ECONOMICO-AZIENDALI,[F7702M047] DIRITTO COMMERCIALE COMUNITARIO,F7702M047,5,4,0,"0,8000",7
[F7701M] SCIENZE ECONOMICO-AZIENDALI,[F7701M077] DIRITTO PENALE DELL'ECONOMIA,F7701M077,139,92,28,"0,8288",8
[F7701M] SCIENZE ECONOMICO-AZIENDALI,[F7701M071] ULTERIORI CONOSCENZE LINGUISTICHE PER LE SCIENZE ECONOMICO AZIENDALI I - FRANCESE,F7701M071,10,7,2,"0,8750",9
[F7701M] SCIENZE ECONOMICO-AZIENDALI,[F7701M023] DIRITTO PUBBLICO DELL'ECONOMIA PER LE SCIENZE ECON,F7701M023,23,15,6,"0,8824",10
[F7702M] MARKETING E MERCATI GLOBALI,[F5701R004] SOCIOLOGIA DELL'INNOVAZIONE DI IMPRESA,F5701R004,3,0,3,,1
[F7702M] MARKETING E MERCATI GLOBALI,[F1601M055] STRATEGIE DI INVESTIMENTO,F1601M055,3,0,2,"0,0000",2
[F7702M] MARKETING E MERCATI GLOBALI,[F7702M057] GLOBAL ACCOUNTING,F7702M057,230,86,0,"0,3739",3
[F7702M] MARKETING E MERCATI GLOBALI,[F5102P017] PSICOLOGIA DEI CONSUMI,F5102P017,114,49,11,"0,4757",4
[F7702M] MARKETING E MERCATI GLOBALI,[F9201P203] WEB MARKETING,F9201P203,15,8,2,"0,6154",5
[F7702M] MARKETING E MERCATI GLOBALI,[F7702M044] INDUSTRIAL ECONOMICS,F7702M044,194,96,40,"0,6234",6
[F7702M] MARKETING E MERCATI GLOBALI,[F7702M002] ABILITÀ INFORMATICHE MAGISTRALE,F7702M002,180,94,34,"0,6438",7
[F7702M] MARKETING E MERCATI GLOBALI,[F7702M043] STORIA DELL'IMPRESA,F7702M043,165,105,21,"0,7292",8
[F7702M] MARKETING E MERCATI GLOBALI,[F7702M023] ULTERIORI CONOSCENZE LINGUISTICHE PER IL MARKETING - INGLESE,F7702M023,118,74,29,"0,8315",9
[F7702M] MARKETING E MERCATI GLOBALI,[F7702M048] ANALISI QUANTITATIVE D'IMPRESA PER I MERCATI GLOBALI,F7702M048,96,68,19,"0,8831",10
[F8202B] SCIENZE STATISTICHE ED ECONOMICHE,[F8204B010] STATISTICA SPAZIALE M,F8204B010,2,1,0,"0,5000",1
[F8202B] SCIENZE STATISTICHE ED ECONOMICHE,[F8204B020] ECONOMICS FOR DATA SCIENCE M,F8204B020,1,1,0,"1,0000",2
[F8202B] SCIENZE STATISTICHE ED ECONOMICHE,[F8204B027] STATISTICA AZIENDALE M,F8204B027,2,1,1,"1,0000",3
[F8203B] BIOSTATISTICA,[F8203B016] STATISTICA SPAZIALE,F8203B016,1,0,0,"0,0000",1
[F8203B] BIOSTATISTICA,[F8203B020] VALUTAZIONE STATISTICA DEI SISTEMI SANITARI,F8203B020,3,2,0,"0,6667",2
[F8203B] BIOSTATISTICA,[F8203B030] INTRODUZIONE ALL'INFERENZA STATISTICA,F8203B030,33,17,8,"0,6800",3
[F8203B] BIOSTATISTICA,[F8203B011] MODELLI STATISTICI E INFERENZA BAYESIANA,F8203B011,18,10,4,"0,7143",4
[F8203B] BIOSTATISTICA,[F8203B003] INFERENZA STATISTICA,F8203B003,43,28,4,"0,7179",5
[F8203B] BIOSTATISTICA,[F8203B005] ELEMENTI DI BIOLOGIA,F8203B005,36,23,6,"0,7667",6
[F8203B] BIOSTATISTICA,[F8203B008] STATISTICAL MODELS IN EPIDEMIOLOGY,F8203B008,22,17,0,"0,7727",7
[F8203B] BIOSTATISTICA,[F8203B001] METODOLOGIA DELLA RICERCA CLINICA ED EPIDEMIOLOGICA (E-LEARNING),F8203B001,28,23,0,"0,8214",8
[F8203B] BIOSTATISTICA,[F8203B004] CALCOLO DELLE PROBABILITA',F8203B004,14,12,0,"0,8571",9
[F8203B] BIOSTATISTICA,[F8203B006] BASI DI DATI,F8203B006,34,19,13,"0,9048",10
[F8204B] SCIENZE STATISTICHE ED ECONOMICHE,[F8204B002] STATISTICA AVANZATA M,F8204B002,63,17,28,"0,4857",1
[F8204B] SCIENZE STATISTICHE ED ECONOMICHE,[F8204B024] FINANZA MATEMATICA M,F8204B024,23,10,4,"0,5263",2
[F8204B] SCIENZE STATISTICHE ED ECONOMICHE,[F8204B005] MICROECONOMIA M,F8204B005,57,26,10,"0,5532",3
[F8204B] SCIENZE STATISTICHE ED ECONOMICHE,[F8204B010] STATISTICA SPAZIALE M,F8204B010,11,5,2,"0,5556",4
[F8204B] SCIENZE STATISTICHE ED ECONOMICHE,[F8204B015] STATISTICAL LEARNING M,F8204B015,7,4,0,"0,5714",5
[F8204B] SCIENZE STATISTICHE ED ECONOMICHE,[F8203B015] STATISTICA AMBIENTALE,F8203B015,8,5,0,"0,6250",6
[F8204B] SCIENZE STATISTICHE ED ECONOMICHE,[F8204B014] DATA MINING M,F8204B014,21,11,4,"0,6471",7
[F8204B] SCIENZE STATISTICHE ED ECONOMICHE,[F8204B012] INTRODUZIONE ALLE SERIE STORICHE M,F8204B012,21,14,0,"0,6667",8
[F8204B] SCIENZE STATISTICHE ED ECONOMICHE,[F8204B004] PROBABILITA' E STATISTICA COMPUTAZIONALE M,F8204B004,69,49,0,"0,7101",9
[F8204B] SCIENZE STATISTICHE ED ECONOMICHE,[F8204B006] MACHINE LEARNING M,F8204B006,7,5,0,"0,7143",10
[F8501R] SCIENZE PEDAGOGICHE,[F0101R010] SISTEMI DI PENSIERO E STORIA DELLA MENTALITÀ,F0101R010,1,0,1,,1
[F8501R] SCIENZE PEDAGOGICHE,[A5810046] CRIMINOLOGIA,A5810046,1,0,0,"0,0000",2
[F8501R] SCIENZE PEDAGOGICHE,[F8501R001] FONDAMENTI DELLA CONSULENZA PEDAGOGICA,F8501R001,261,146,60,"0,7264",3
[F8501R] SCIENZE PEDAGOGICHE,[F8501R002] ERMENEUTICA DELLA FORMAZIONE E PRATICHE IMMAGINALI,F8501R002,64,49,5,"0,8305",4
[F8501R] SCIENZE PEDAGOGICHE,[F8501R010] PEDAGOGIA DELLA DEVIANZA E DELLA MARGINALITÀ,F8501R010,65,44,14,"0,8627",5
[F8501R] SCIENZE PEDAGOGICHE,[F8501R056] METODOLOGIA DELLA RICERCA PEDAGOGICA II CON LABORATORIO,F8501R056,208,138,54,"0,8961",6
[F8501R] SCIENZE PEDAGOGICHE,[F8501R009] PRATICHE FILOSOFICHE,F8501R009,196,133,51,"0,9172",7
[F8501R] SCIENZE PEDAGOGICHE,[F8501R011] CONSULENZA NEL DISAGIO EDUCATIVO: TEORIE E PRATICHE,F8501R011,129,97,25,"0,9327",8
[F8501R] SCIENZE PEDAGOGICHE,[F8501R005] CONSULENZA FAMILIARE: TEORIE E PRATICHE,F8501R005,218,166,44,"0,9540",9
[F8501R] SCIENZE PEDAGOGICHE,[F8501R057] PSICOLOGIA CLINICA II,F8501R057,54,46,6,"0,9583",10
[F8701N] PROGRAMMAZIONE E GESTIONE DELLE POLITICHE E  DEI SERVIZI SOCIALI,[F0101R013] ANTROPOLOGIA MEDICA,F0101R013,1,0,1,,1
[F8701N] PROGRAMMAZIONE E GESTIONE DELLE POLITICHE E  DEI SERVIZI SOCIALI,[F8701N013] SOCIETA' EUROPEE COMPARATE,F8701N013,1,0,1,,2
[F8701N] PROGRAMMAZIONE E GESTIONE DELLE POLITICHE E  DEI SERVIZI SOCIALI,[F8701N006] COOPERAZIONE E TUTELA DEI DIRITTI UMANI,F8701N006,44,33,5,"0,8462",3
[F8701N] PROGRAMMAZIONE E GESTIONE DELLE POLITICHE E  DEI SERVIZI SOCIALI,[F8701N040] RELAZIONI INTERCULTURALI,F8701N040,25,23,0,"0,9200",4
[F8701N] PROGRAMMAZIONE E GESTIONE DELLE POLITICHE E  DEI SERVIZI SOCIALI,[F8701N008] DIRITTO DEGLI STRANIERI,F8701N008,46,34,10,"0,9444",5
[F8701N] PROGRAMMAZIONE E GESTIONE DELLE POLITICHE E  DEI SERVIZI SOCIALI,[A5810010] DIRITTO AMMINISTRATIVO,A5810010,1,1,0,"1,0000",6
[F8701N] PROGRAMMAZIONE E GESTIONE DELLE POLITICHE E  DEI SERVIZI SOCIALI,[A5810063] DIRITTO PENITENZIARIO,A5810063,1,1,0,"1,0000",7
[F8701N] PROGRAMMAZIONE E GESTIONE DELLE POLITICHE E  DEI SERVIZI SOCIALI,[F5101P137] NORMALITA' E PATOLOGIA NELLE RELAZIONI FAMILIARI,F5101P137,1,1,0,"1,0000",8
[F8701N] PROGRAMMAZIONE E GESTIONE DELLE POLITICHE E  DEI SERVIZI SOCIALI,[F8701N001] WELFARE,F8701N001,41,41,0,"1,0000",9
[F8701N] PROGRAMMAZIONE E GESTIONE DELLE POLITICHE E  DEI SERVIZI SOCIALI,"[F8701N002] PLURALISMO GIURIDICO, PLURALISMO CULTURALE",F8701N002,57,53,4,"1,0000",10
[F8801N] SOCIOLOGIA,[F8801N041] GOVERNANCE E SISTEMI LOCALI DI WELFARE,F8801N041,24,15,4,"0,7500",1
[F8801N] SOCIOLOGIA,[F8801N043] SOCIOLOGIA DEI PROCESSI ORGANIZZATIVI,F8801N043,4,3,0,"0,7500",2
[F8801N] SOCIOLOGIA,[F8801N045] GENERI E GENERAZIONI,F8801N045,11,10,0,"0,9091",3
[F8801N] SOCIOLOGIA,[F8801N003] DIRITTI E CITTADINANZA EUROPEA,F8801N003,15,12,2,"0,9231",4
[F8801N] SOCIOLOGIA,[A5810046] CRIMINOLOGIA,A5810046,2,2,0,"1,0000",5
[F8801N] SOCIOLOGIA,[F0101R004] ANTROPOLOGIA DELLE RELIGIONI,F0101R004,1,1,0,"1,0000",6
[F8801N] SOCIOLOGIA,[F4901N074] GEOGRAFIA DEGLI SPAZI EXTRAEUROPEI,F4901N074,1,1,0,"1,0000",7
[F8801N] SOCIOLOGIA,[F4901N075] ECOLOGIA,F4901N075,4,4,0,"1,0000",8
[F8801N] SOCIOLOGIA,[F5102P095] LA RICERCA-INTERVENTO NEI GRUPPI E NELLE ORGANIZZAZIONI,F5102P095,1,1,0,"1,0000",9
[F8801N] SOCIOLOGIA,[F5701R006] ORGANIZZAZIONE E GESTIONE DELLE RISORSE UMANE,F5701R006,1,1,0,"1,0000",10
[F9201P] TEORIA E TECNOLOGIA DELLA COMUNICAZIONE,[F9201P037] INFORMATICA GRAFICA,F9201P037,1,0,1,,1
[F9201P] TEORIA E TECNOLOGIA DELLA COMUNICAZIONE,[F9201P200] COMUNICAZIONE DIGITALE,F9201P200,51,17,5,"0,3696",2
[F9201P] TEORIA E TECNOLOGIA DELLA COMUNICAZIONE,[F9201P009] PSICOLOGIA DEI CONSUMI,F9201P009,52,23,5,"0,4894",3
[F9201P] TEORIA E TECNOLOGIA DELLA COMUNICAZIONE,[F9201P033] INTELLIGENZA ARTIFICIALE,F9201P033,12,5,3,"0,5556",4
[F9201P] TEORIA E TECNOLOGIA DELLA COMUNICAZIONE,[F9201P204] ELABORAZIONE DI DATI MULTIMEDIALI,F9201P204,15,5,7,"0,6250",5
[F9201P] TEORIA E TECNOLOGIA DELLA COMUNICAZIONE,[F9201P004] COMUNICAZIONE VISIVA E DESIGN DELLE INTERFACCE,F9201P004,79,49,11,"0,7206",6
[F9201P] TEORIA E TECNOLOGIA DELLA COMUNICAZIONE,[F9201P100] COGNIZIONE E LINGUAGGIO,F9201P100,63,38,12,"0,7451",7
[F9201P] TEORIA E TECNOLOGIA DELLA COMUNICAZIONE,[F9201P026] SISTEMI INFORMATIVI,F9201P026,11,7,2,"0,7778",8
[F9201P] TEORIA E TECNOLOGIA DELLA COMUNICAZIONE,[F9201P203] WEB MARKETING,F9201P203,43,32,2,"0,7805",9
[F9201P] TEORIA E TECNOLOGIA DELLA COMUNICAZIONE,[F9201P011] LABORATORIO DI COMUNICAZIONE VISIVA,F9201P011,64,43,9,"0,7818",10
[G8501R] SCIENZE DELLA FORMAZIONE PRIMARIA,[G8501R012] ISTITUZIONI E DIDATTICA DELLA MATEMATICA CON LABORATORIO,G8501R012,457,155,86,"0,4178",1
[G8501R] SCIENZE DELLA FORMAZIONE PRIMARIA,[G8501R004] LINGUISTICA ITALIANA,G8501R004,347,186,70,"0,6715",2
[G8501R] SCIENZE DELLA FORMAZIONE PRIMARIA,[G8501R036] CHIMICA E DIDATTICA DELLA BIOLOGIA,G8501R036,336,191,53,"0,6749",3
[G8501R] SCIENZE DELLA FORMAZIONE PRIMARIA,[G8501R017] FISICA E DIDATTICA DELLA FISICA CON LABORATORIO,G8501R017,374,247,9,"0,6767",4
[G8501R] SCIENZE DELLA FORMAZIONE PRIMARIA,[G8501R023] DIDATTICA DELLA MATEMATICA CON LABORATORIO,G8501R023,262,158,39,"0,7085",5
[G8501R] SCIENZE DELLA FORMAZIONE PRIMARIA,[G8501R006] ISTITUZIONI DI MATEMATICHE,G8501R006,426,277,44,"0,7251",6
[G8501R] SCIENZE DELLA FORMAZIONE PRIMARIA,[G8501R026] PROVA IDONEITA' DI LINGUA INGLESE DI LIVELLO B2,G8501R026,659,436,58,"0,7255",7
[G8501R] SCIENZE DELLA FORMAZIONE PRIMARIA,[G8501R005] STORIA E DIDATTICA DELLA STORIA 1,G8501R005,359,196,100,"0,7568",8
[G8501R] SCIENZE DELLA FORMAZIONE PRIMARIA,[G8501R002] STORIA DELLA PEDAGOGIA E DELLE ISTITUZIONI EDUCATIVE,G8501R002,430,314,37,"0,7990",9
[G8501R] SCIENZE DELLA FORMAZIONE PRIMARIA,[G8501R001] PEDAGOGIA GENERALE CON LABORATORIO,G8501R001,321,222,77,"0,9098",10
[H4101D] MEDICINA E CHIRURGIA,"[H4101D044] RAPPRESENTARE IL CORPO UMANO: TRA ANATOMIA, ARTE E ANTROPOLOGIA",H4101D044,4,0,0,"0,0000",1
[H4101D] MEDICINA E CHIRURGIA,[H4101D097] INTERNATO IN REPARTO DI BIOCHIMICA CLINICA,H4101D097,1,0,0,"0,0000",2
[H4101D] MEDICINA E CHIRURGIA,[H4101D098] INTERNATO IN REPARTO DI MEDICINA DELLO SPORT,H4101D098,2,0,0,"0,0000",3
[H4101D] MEDICINA E CHIRURGIA,[H4101D102] INTERNATO IN REPARTO DI ANATOMIA PATOLOGICA H. DESIO,H4101D102,2,0,0,"0,0000",4
[H4101D] MEDICINA E CHIRURGIA,[H4101D104] INTERNATO IN REPARTO DI CHIRURGIA DELL'APPARATO DIGERENTE,H4101D104,2,0,0,"0,0000",5
[H4101D] MEDICINA E CHIRURGIA,[H4101D105] INTERNATO IN REPARTO DI CHIRURGIA GENERALE,H4101D105,4,0,0,"0,0000",6
[H4101D] MEDICINA E CHIRURGIA,[H4101D109] INTERNATO IN REPARTO DI IGIENE E MEDICINA PREVENTIVA,H4101D109,1,0,0,"0,0000",7
[H4101D] MEDICINA E CHIRURGIA,[H4101D112] INTERNATO IN REPARTO DI NEFROLOGIA,H4101D112,1,0,0,"0,0000",8
[H4101D] MEDICINA E CHIRURGIA,[H4101D170] LA DEGENERAZIONE MACULARE SENILE,H4101D170,3,0,0,"0,0000",9
[H4101D] MEDICINA E CHIRURGIA,[H4101D173] INTERNATO IN REPARTO DI MEDICINA INTERNA,H4101D173,2,0,0,"0,0000",10
[H4601D] ODONTOIATRIA E PROTESI DENTARIA,[H4601D056] INTERNATO IN REPARTO DI PARODONTOLOGIA,H4601D056,2,0,0,"0,0000",1
[H4601D] ODONTOIATRIA E PROTESI DENTARIA,[H4601D058] INTERNATO IN REPARTO DI ORTODONZIA 1,H4601D058,4,0,0,"0,0000",2
[H4601D] ODONTOIATRIA E PROTESI DENTARIA,[H4601D059] INTERNATO IN REPARTO DI ORTODONZIA 2,H4601D059,2,0,0,"0,0000",3
[H4601D] ODONTOIATRIA E PROTESI DENTARIA,[H4601D016] SCIENZE MEDICHE AFFINI,H4601D016,66,17,14,"0,3269",4
[H4601D] ODONTOIATRIA E PROTESI DENTARIA,[H4601D001] SCIENZE PROPEDEUTICHE,H4601D001,47,23,5,"0,5476",5
[H4601D] ODONTOIATRIA E PROTESI DENTARIA,"[H4601D002] ANATOMIA, ISTOLOGIA ED EMBRIOLOGIA GENERALI E DELL'APPARATO STOMATOGNATICO",H4601D002,29,15,2,"0,5556",6
[H4601D] ODONTOIATRIA E PROTESI DENTARIA,[H4601D033] INFORMATICA DI BASE,H4601D033,40,24,3,"0,6486",7
[H4601D] ODONTOIATRIA E PROTESI DENTARIA,[H4601D063] INTERNATO IN SALA OPERATORIA ODONTOIATRICA,H4601D063,3,2,0,"0,6667",8
[H4601D] ODONTOIATRIA E PROTESI DENTARIA,[H4601D004] BIOCHIMICA,H4601D004,22,17,0,"0,7727",9
[H4601D] ODONTOIATRIA E PROTESI DENTARIA,[H4601D057] INTERNATO IN REPARTO DI CHIRURGIA ODONTOIATRICA,H4601D057,5,4,0,"0,8000",10
[I0101D] INFERMIERISTICA (ABILITANTE ALLA PROFESSIONE SANITARIA DI INFERMIERE),[I0101D011] ASSISTENZA INFERMIERISTICA IN MEDICINA SPECIALISTICA,I0101D011,307,83,14,"0,2833",1
[I0101D] INFERMIERISTICA (ABILITANTE ALLA PROFESSIONE SANITARIA DI INFERMIERE),[I0101D004] FISIOLOGIA UMANA,I0101D004,437,130,112,"0,4000",2
[I0101D] INFERMIERISTICA (ABILITANTE ALLA PROFESSIONE SANITARIA DI INFERMIERE),[I0101D001] SCIENZE BIOMEDICHE 1,I0101D001,579,258,20,"0,4615",3
[I0101D] INFERMIERISTICA (ABILITANTE ALLA PROFESSIONE SANITARIA DI INFERMIERE),[I0101D009] METODOLOGIA CLINICA INFERMIERISTICA 1,I0101D009,417,209,32,"0,5429",4
[I0101D] INFERMIERISTICA (ABILITANTE ALLA PROFESSIONE SANITARIA DI INFERMIERE),[I0101D012] ASSISTENZA INFERMIERISTICA IN CHIRURGIA SPECIALISTICA,I0101D012,304,163,13,"0,5601",5
[I0101D] INFERMIERISTICA (ABILITANTE ALLA PROFESSIONE SANITARIA DI INFERMIERE),[I0101D006] METODOLOGIA CLINICA NELLE SCIENZE INFERMIERISTICHE,I0101D006,337,177,24,"0,5655",6
[I0101D] INFERMIERISTICA (ABILITANTE ALLA PROFESSIONE SANITARIA DI INFERMIERE),[I0101D016] MEDICINA CLINICA E DELLA DISABILITA',I0101D016,351,199,39,"0,6378",7
[I0101D] INFERMIERISTICA (ABILITANTE ALLA PROFESSIONE SANITARIA DI INFERMIERE),[LING] LINGUA INGLESE,LING,376,193,74,"0,6391",8
[I0101D] INFERMIERISTICA (ABILITANTE ALLA PROFESSIONE SANITARIA DI INFERMIERE),[I0101D015] ELEMENTI DI ORGANIZZAZIONE PROFESSIONALE,I0101D015,332,193,39,"0,6587",9
[I0101D] INFERMIERISTICA (ABILITANTE ALLA PROFESSIONE SANITARIA DI INFERMIERE),[I0101D901] FONDAMENTI DI SCIENZE INFERMIERISTICHE ED OSTETRICHE,I0101D901,392,235,37,"0,6620",10
[I0102D] OSTETRICIA (ABILITANTE ALLA PROFESSIONE SANITARIA DI OSTETRICA/O),[H4101D296] DIPENDENZE PATOLOGICHE DA SOSTANZE E NON,H4101D296,1,0,1,,1
[I0102D] OSTETRICIA (ABILITANTE ALLA PROFESSIONE SANITARIA DI OSTETRICA/O),[I0102D001] SCIENZE BIOMEDICHE 1,I0102D001,50,29,1,"0,5918",2
[I0102D] OSTETRICIA (ABILITANTE ALLA PROFESSIONE SANITARIA DI OSTETRICA/O),[I0102D004] FISIOLOGIA UMANA,I0102D004,46,23,8,"0,6053",3
[I0102D] OSTETRICIA (ABILITANTE ALLA PROFESSIONE SANITARIA DI OSTETRICA/O),[I0102D013] MEDICINA PERINATALE,I0102D013,33,16,7,"0,6154",4
[I0102D] OSTETRICIA (ABILITANTE ALLA PROFESSIONE SANITARIA DI OSTETRICA/O),[I0102D119] INTERNATI DI ACCOMPAGNAMENTO ALLA NASCITA,I0102D119,20,13,0,"0,6500",5
[I0102D] OSTETRICIA (ABILITANTE ALLA PROFESSIONE SANITARIA DI OSTETRICA/O),[I0102D120] INTERNATO PER IL MASSAGGIO INFANTILE,I0102D120,16,11,0,"0,6875",6
[I0102D] OSTETRICIA (ABILITANTE ALLA PROFESSIONE SANITARIA DI OSTETRICA/O),[LING] LINGUA INGLESE,LING,27,16,5,"0,7273",7
[I0102D] OSTETRICIA (ABILITANTE ALLA PROFESSIONE SANITARIA DI OSTETRICA/O),[I0102D903] ANATOMIA E FISIOLOGIA DELLA RIPRODUZIONE UMANA,I0102D903,45,28,7,"0,7368",8
[I0102D] OSTETRICIA (ABILITANTE ALLA PROFESSIONE SANITARIA DI OSTETRICA/O),[I0102D012] RICERCA OSTETRICO-GINECOLOGICA E NEONATALE,I0102D012,33,24,1,"0,7500",9
[I0102D] OSTETRICIA (ABILITANTE ALLA PROFESSIONE SANITARIA DI OSTETRICA/O),[I0102D902] METODOLOGIA CLINICA NELLE SCIENZE OSTETRICO-GINECOLOGICHE E NEONATALI,I0102D902,49,32,7,"0,7619",10
[I0201D] FISIOTERAPIA (ABILITANTE ALLA PROFESSIONE SANITARIA DI FISIOTERAPISTA),[I0201D100] BASI DEL MOVIMENTO,I0201D100,109,56,8,"0,5545",1
[I0201D] FISIOTERAPIA (ABILITANTE ALLA PROFESSIONE SANITARIA DI FISIOTERAPISTA),[I0201D121] VALUTAZIONE DEL SISTEMA MOTORIO,I0201D121,101,53,14,"0,6092",2
[I0201D] FISIOTERAPIA (ABILITANTE ALLA PROFESSIONE SANITARIA DI FISIOTERAPISTA),[I0201D101] CINESIOLOGIA,I0201D101,93,59,12,"0,7284",3
[I0201D] FISIOTERAPIA (ABILITANTE ALLA PROFESSIONE SANITARIA DI FISIOTERAPISTA),[I0201D110] RADIAZIONI E RIABILITAZIONE,I0201D110,71,54,2,"0,7826",4
[I0201D] FISIOTERAPIA (ABILITANTE ALLA PROFESSIONE SANITARIA DI FISIOTERAPISTA),[I0201D115] MEDICINA RIABILITATIVA,I0201D115,63,51,2,"0,8361",5
[I0201D] FISIOTERAPIA (ABILITANTE ALLA PROFESSIONE SANITARIA DI FISIOTERAPISTA),[I0201D109] TECNICHE NEURORIABILITATIVE,I0201D109,65,54,2,"0,8571",6
[I0201D] FISIOTERAPIA (ABILITANTE ALLA PROFESSIONE SANITARIA DI FISIOTERAPISTA),[I0201D102] TECNICHE ISPETTIVE E OSSERVAZIONALI,I0201D102,70,59,3,"0,8806",7
[I0201D] FISIOTERAPIA (ABILITANTE ALLA PROFESSIONE SANITARIA DI FISIOTERAPISTA),[I0201D122] CLINICA CARDIO-POLMONARE,I0201D122,67,54,6,"0,8852",8
[I0201D] FISIOTERAPIA (ABILITANTE ALLA PROFESSIONE SANITARIA DI FISIOTERAPISTA),[I0201D111] CLINICA DELL?APPARATO OSTEOARTICOLARE,I0201D111,62,54,2,"0,9000",9
[I0201D] FISIOTERAPIA (ABILITANTE ALLA PROFESSIONE SANITARIA DI FISIOTERAPISTA),[I0201D116] VALUTAZIONE TRATTAMENTO DEL SISTEMA DI MOVIMENTO,I0201D116,56,50,1,"0,9091",10
[I0202D] TERAPIA DELLA NEURO E PSICOMOTRICITÀ DELL'ETÀ EVOLUTIVA (ABILITANTE ALLA PROFESSIONE SANITARIA DI TERAPISTA DELLA NEURO E PSICOMOTRICITÀ DELL'ETÀ EVOLUTIVA),[I0202D121] BASI DEL MOVIMENTO,I0202D121,47,29,2,"0,6444",1
[I0202D] TERAPIA DELLA NEURO E PSICOMOTRICITÀ DELL'ETÀ EVOLUTIVA (ABILITANTE ALLA PROFESSIONE SANITARIA DI TERAPISTA DELLA NEURO E PSICOMOTRICITÀ DELL'ETÀ EVOLUTIVA),[I0202D101] CINESIOLOGIA,I0202D101,50,29,6,"0,6591",2
[I0202D] TERAPIA DELLA NEURO E PSICOMOTRICITÀ DELL'ETÀ EVOLUTIVA (ABILITANTE ALLA PROFESSIONE SANITARIA DI TERAPISTA DELLA NEURO E PSICOMOTRICITÀ DELL'ETÀ EVOLUTIVA),[I0202D118] SCIENZE PSICOMOTORIE E RIABILITATIVE 2,I0202D118,33,23,0,"0,6970",3
[I0202D] TERAPIA DELLA NEURO E PSICOMOTRICITÀ DELL'ETÀ EVOLUTIVA (ABILITANTE ALLA PROFESSIONE SANITARIA DI TERAPISTA DELLA NEURO E PSICOMOTRICITÀ DELL'ETÀ EVOLUTIVA),[I0202D005] SCIENZE STATISTICHE E SOCIOPSICOPEDAGOGICHE,I0202D005,42,26,7,"0,7429",4
[I0202D] TERAPIA DELLA NEURO E PSICOMOTRICITÀ DELL'ETÀ EVOLUTIVA (ABILITANTE ALLA PROFESSIONE SANITARIA DI TERAPISTA DELLA NEURO E PSICOMOTRICITÀ DELL'ETÀ EVOLUTIVA),[LING] LINGUA INGLESE,LING,22,18,1,"0,8571",5
[I0202D] TERAPIA DELLA NEURO E PSICOMOTRICITÀ DELL'ETÀ EVOLUTIVA (ABILITANTE ALLA PROFESSIONE SANITARIA DI TERAPISTA DELLA NEURO E PSICOMOTRICITÀ DELL'ETÀ EVOLUTIVA),[I0202D103] SCIENZE PSICOMOTORIE E RIABILITATIVE 1,I0202D103,36,28,5,"0,9032",6
[I0202D] TERAPIA DELLA NEURO E PSICOMOTRICITÀ DELL'ETÀ EVOLUTIVA (ABILITANTE ALLA PROFESSIONE SANITARIA DI TERAPISTA DELLA NEURO E PSICOMOTRICITÀ DELL'ETÀ EVOLUTIVA),[I0202D111] LABORATORI PROFESSIONALIZZANTI 1,I0202D111,23,22,0,"0,9565",7
[I0202D] TERAPIA DELLA NEURO E PSICOMOTRICITÀ DELL'ETÀ EVOLUTIVA (ABILITANTE ALLA PROFESSIONE SANITARIA DI TERAPISTA DELLA NEURO E PSICOMOTRICITÀ DELL'ETÀ EVOLUTIVA),[I0202D109] SCIENZE NEUROPSICOLOGICHE E PEDAGOGICHE,I0202D109,24,23,0,"0,9583",8
[I0202D] TERAPIA DELLA NEURO E PSICOMOTRICITÀ DELL'ETÀ EVOLUTIVA (ABILITANTE ALLA PROFESSIONE SANITARIA DI TERAPISTA DELLA NEURO E PSICOMOTRICITÀ DELL'ETÀ EVOLUTIVA),[I0202D014] TIROCINIO 2,I0202D014,23,23,0,"1,0000",9
[I0202D] TERAPIA DELLA NEURO E PSICOMOTRICITÀ DELL'ETÀ EVOLUTIVA (ABILITANTE ALLA PROFESSIONE SANITARIA DI TERAPISTA DELLA NEURO E PSICOMOTRICITÀ DELL'ETÀ EVOLUTIVA),[I0202D015] SEMINARI TECNOLOGICI,I0202D015,23,23,0,"1,0000",10
[I0301D] IGIENE DENTALE (ABILITANTE ALLA PROFESSIONE SANITARIA DI IGIENISTA DENTALE),[I0301D001] SCIENZE PROPEDEUTICHE,I0301D001,70,10,10,"0,1667",1
[I0301D] IGIENE DENTALE (ABILITANTE ALLA PROFESSIONE SANITARIA DI IGIENISTA DENTALE),[I0301D003] ORGANI E FUNZIONI,I0301D003,75,21,2,"0,2877",2
[I0301D] IGIENE DENTALE (ABILITANTE ALLA PROFESSIONE SANITARIA DI IGIENISTA DENTALE),[I0301D002] SCIENZE BIOMEDICHE,I0301D002,59,26,1,"0,4483",3
[I0301D] IGIENE DENTALE (ABILITANTE ALLA PROFESSIONE SANITARIA DI IGIENISTA DENTALE),[I0301D031] ELEMENTI D'IGIENE DELLA NUTRIZIONE E DELLE COMUNITA' E DI MALATTIE ODONTOSTOMATOLOGICHE,I0301D031,37,23,1,"0,6389",4
[I0301D] IGIENE DENTALE (ABILITANTE ALLA PROFESSIONE SANITARIA DI IGIENISTA DENTALE),[I0301D007] PATOLOGIA,I0301D007,35,23,0,"0,6571",5
[I0301D] IGIENE DENTALE (ABILITANTE ALLA PROFESSIONE SANITARIA DI IGIENISTA DENTALE),[LING] LINGUA INGLESE,LING,25,18,3,"0,8182",6
[I0301D] IGIENE DENTALE (ABILITANTE ALLA PROFESSIONE SANITARIA DI IGIENISTA DENTALE),[I0301D015] SANITA' PUBBLICA E MANAGEMENT SANITARIO,I0301D015,30,25,0,"0,8333",7
[I0301D] IGIENE DENTALE (ABILITANTE ALLA PROFESSIONE SANITARIA DI IGIENISTA DENTALE),[I0301D010] SCIENZE CLINICHE,I0301D010,25,22,0,"0,8800",8
[I0301D] IGIENE DENTALE (ABILITANTE ALLA PROFESSIONE SANITARIA DI IGIENISTA DENTALE),[I0301D016] TIROCINIO 3,I0301D016,21,19,0,"0,9048",9
[I0301D] IGIENE DENTALE (ABILITANTE ALLA PROFESSIONE SANITARIA DI IGIENISTA DENTALE),[I0301D004] PREVENZIONE SANITARIA,I0301D004,29,25,2,"0,9259",10
[I0302D] TECNICHE DI LABORATORIO BIOMEDICO (ABILITANTE ALLA PROFESSIONE SANITARIA DI TECNICO DI LABORATORIO BIOMEDICO),[E0201Q004] CHIMICA GENERALE ED INORGANICA,E0201Q004,2,0,2,,1
[I0302D] TECNICHE DI LABORATORIO BIOMEDICO (ABILITANTE ALLA PROFESSIONE SANITARIA DI TECNICO DI LABORATORIO BIOMEDICO),[E3001Q038] CHIMICA,E3001Q038,1,0,0,"0,0000",2
[I0302D] TECNICHE DI LABORATORIO BIOMEDICO (ABILITANTE ALLA PROFESSIONE SANITARIA DI TECNICO DI LABORATORIO BIOMEDICO),[I0302D001] SCIENZE PROPEDEUTICHE,I0302D001,67,10,5,"0,1613",3
[I0302D] TECNICHE DI LABORATORIO BIOMEDICO (ABILITANTE ALLA PROFESSIONE SANITARIA DI TECNICO DI LABORATORIO BIOMEDICO),[I0302D003] ORGANI E FUNZIONI,I0302D003,83,16,9,"0,2162",4
[I0302D] TECNICHE DI LABORATORIO BIOMEDICO (ABILITANTE ALLA PROFESSIONE SANITARIA DI TECNICO DI LABORATORIO BIOMEDICO),[I0302D002] SCIENZE BIOMEDICHE,I0302D002,61,24,11,"0,4800",5
[I0302D] TECNICHE DI LABORATORIO BIOMEDICO (ABILITANTE ALLA PROFESSIONE SANITARIA DI TECNICO DI LABORATORIO BIOMEDICO),[LING] LINGUA INGLESE,LING,42,19,3,"0,4872",6
[I0302D] TECNICHE DI LABORATORIO BIOMEDICO (ABILITANTE ALLA PROFESSIONE SANITARIA DI TECNICO DI LABORATORIO BIOMEDICO),[I0302D009] MICROBIOLOGIA CLINICA,I0302D009,54,20,20,"0,5882",7
[I0302D] TECNICHE DI LABORATORIO BIOMEDICO (ABILITANTE ALLA PROFESSIONE SANITARIA DI TECNICO DI LABORATORIO BIOMEDICO),[I0302D005] ANALISI BIOCHIMICO-CLINICHE,I0302D005,31,13,11,"0,6500",8
[I0302D] TECNICHE DI LABORATORIO BIOMEDICO (ABILITANTE ALLA PROFESSIONE SANITARIA DI TECNICO DI LABORATORIO BIOMEDICO),[I0302D014] LINGUA INGLESE A LIVELLO B2 (O SUPERIORE),I0302D014,3,2,0,"0,6667",9
[I0302D] TECNICHE DI LABORATORIO BIOMEDICO (ABILITANTE ALLA PROFESSIONE SANITARIA DI TECNICO DI LABORATORIO BIOMEDICO),[I0302D019] SANITA' PUBBLICA E MANAGEMENT SANITARIO,I0302D019,34,23,0,"0,6765",10
"[I0303D] TECNICHE DI RADIOLOGIA MEDICA, PER IMMAGINI E RADIOTERAPIA (ABILITANTE ALLA PROFESSIONE SANITARIA DI TECNICO DI RADIOLOGIA MEDICA, PER IMMAGINI E RADIOTERAPIA )",[I0303D001] SCIENZE PROPEDEUTICHE,I0303D001,53,15,4,"0,3061",1
"[I0303D] TECNICHE DI RADIOLOGIA MEDICA, PER IMMAGINI E RADIOTERAPIA (ABILITANTE ALLA PROFESSIONE SANITARIA DI TECNICO DI RADIOLOGIA MEDICA, PER IMMAGINI E RADIOTERAPIA )",[I0303D003] ORGANI E FUNZIONI,I0303D003,52,24,2,"0,4800",2
"[I0303D] TECNICHE DI RADIOLOGIA MEDICA, PER IMMAGINI E RADIOTERAPIA (ABILITANTE ALLA PROFESSIONE SANITARIA DI TECNICO DI RADIOLOGIA MEDICA, PER IMMAGINI E RADIOTERAPIA )",[I0303D006] TECNICHE DI DIAGNOSTICA PER IMMAGINI I,I0303D006,21,13,1,"0,6500",3
"[I0303D] TECNICHE DI RADIOLOGIA MEDICA, PER IMMAGINI E RADIOTERAPIA (ABILITANTE ALLA PROFESSIONE SANITARIA DI TECNICO DI RADIOLOGIA MEDICA, PER IMMAGINI E RADIOTERAPIA )",[LING] LINGUA INGLESE,LING,27,17,3,"0,7083",4
"[I0303D] TECNICHE DI RADIOLOGIA MEDICA, PER IMMAGINI E RADIOTERAPIA (ABILITANTE ALLA PROFESSIONE SANITARIA DI TECNICO DI RADIOLOGIA MEDICA, PER IMMAGINI E RADIOTERAPIA )",[I0303D002] SCIENZE BIOMEDICHE,I0303D002,30,23,0,"0,7667",5
"[I0303D] TECNICHE DI RADIOLOGIA MEDICA, PER IMMAGINI E RADIOTERAPIA (ABILITANTE ALLA PROFESSIONE SANITARIA DI TECNICO DI RADIOLOGIA MEDICA, PER IMMAGINI E RADIOTERAPIA )",[I0303D007] PATOLOGIA,I0303D007,28,21,2,"0,8077",6
"[I0303D] TECNICHE DI RADIOLOGIA MEDICA, PER IMMAGINI E RADIOTERAPIA (ABILITANTE ALLA PROFESSIONE SANITARIA DI TECNICO DI RADIOLOGIA MEDICA, PER IMMAGINI E RADIOTERAPIA )",[I0303D012] TECNICHE DI DIAGNOSTICA PER IMMAGINI III,I0303D012,14,11,1,"0,8462",7
"[I0303D] TECNICHE DI RADIOLOGIA MEDICA, PER IMMAGINI E RADIOTERAPIA (ABILITANTE ALLA PROFESSIONE SANITARIA DI TECNICO DI RADIOLOGIA MEDICA, PER IMMAGINI E RADIOTERAPIA )",[I0303D004] TIROCINIO I,I0303D004,24,24,0,"1,0000",8
"[I0303D] TECNICHE DI RADIOLOGIA MEDICA, PER IMMAGINI E RADIOTERAPIA (ABILITANTE ALLA PROFESSIONE SANITARIA DI TECNICO DI RADIOLOGIA MEDICA, PER IMMAGINI E RADIOTERAPIA )",[I0303D005] PREVENZIONE SANITARIA,I0303D005,24,23,1,"1,0000",9
"[I0303D] TECNICHE DI RADIOLOGIA MEDICA, PER IMMAGINI E RADIOTERAPIA (ABILITANTE ALLA PROFESSIONE SANITARIA DI TECNICO DI RADIOLOGIA MEDICA, PER IMMAGINI E RADIOTERAPIA )",[I0303D008] TECNICHE DI DIAGNOSTICA PER IMMAGINI II,I0303D008,22,19,3,"1,0000",10
[K0101D] SCIENZE INFERMIERISTICHE E OSTETRICHE,[K0101D004] METODOLOGIA DELLA RICERCA INFERMIERISTICA E OSTETRICA,K0101D004,1,0,0,"0,0000",1
[K0101D] SCIENZE INFERMIERISTICHE E OSTETRICHE,[K0101D014] INGLESE A LIVELLO B2,K0101D014,39,21,8,"0,6774",2
[K0101D] SCIENZE INFERMIERISTICHE E OSTETRICHE,[K0101D002] METODOLOGIA DI ANALISI SOCIO-SANITARIA,K0101D002,40,28,3,"0,7568",3
[K0101D] SCIENZE INFERMIERISTICHE E OSTETRICHE,[K0101D001] STORIA E FILOSOFIA DELL'ASSISTENZA INFERMIERISTICA E OSTETRICA,K0101D001,36,27,2,"0,7941",4
[K0101D] SCIENZE INFERMIERISTICHE E OSTETRICHE,[K0101D005] ANALISI DEONTOLOGICA E NORMATIVA,K0101D005,10,4,5,"0,8000",5
[K0101D] SCIENZE INFERMIERISTICHE E OSTETRICHE,[K0101D012] TIROCINIO,K0101D012,13,10,2,"0,9091",6
[K0101D] SCIENZE INFERMIERISTICHE E OSTETRICHE,"[K0101D015] INFORMATICA, LIVELLO AVANZATO",K0101D015,34,26,6,"0,9286",7
[K0101D] SCIENZE INFERMIERISTICHE E OSTETRICHE,[H4101D248] APPROFONDIMENTI DI STATISTICA MEDICA PER LA RICERCA CLINICA,H4101D248,16,15,0,"0,9375",8
[K0101D] SCIENZE INFERMIERISTICHE E OSTETRICHE,[I0101D122] L'ASSISTENZA INFERMIERISTICA IN AMBITO PENITENZIARIO,I0101D122,27,26,0,"0,9630",9
[K0101D] SCIENZE INFERMIERISTICHE E OSTETRICHE,[I0101D112] LA RESPONSABILITA' PROFESSIONALE DELL'INFERMIERE ATTRAVERSO L'ANALISI DI CASI ASSISTENZIALI,I0101D112,20,17,3,"1,0000",10
