cds,ad,adcod,n_iscritti,n_promossi,tasso_superamento,rn
[524] SCIENZE DELL'EDUCAZIONE,[E1901R086] METODI E TECNICHE DELLA FORMAZIONE MEDIALE,E1901R086,1,1,1.0,1
[541] SCIENZE DEL TURISMO E COMUNITA' LOCALE(C.SO A DISTANZA),[E1501N009] SOCIOLOGIA DELLA CULTURA E DEL TEMPO LIBERO,E1501N009,1,1,1.0,1
[581] GIURISPRUDENZA,[A5810127] DIRITTO COMUNITARIO DELLA CONCORRENZA E DEL MERCATO INTERNO,A5810127,1,0,0.0,1
[581] GIURISPRUDENZA,[A5810031] INFORMATICA GIURIDICA,A5810031,72,30,0.416666666666667,2
[581] GIURISPRUDENZA,[A5810042] DIRITTO COSTITUZIONALE EUROPEO ( I DIRITTI FONDAMENTALI) MOD. JEAN MONNET,A5810042,83,38,0.457831325301205,3
[581] GIURISPRUDENZA,[A5810070] MEDICINA LEGALE,A5810070,68,32,0.470588235294118,4
[581] GIURISPRUDENZA,[A5810018] PROCEDURA PENALE,A5810018,251,119,0.474103585657371,5
[581] GIURISPRUDENZA,[A5810057] DIRITTO INDUSTRIALE,A5810057,23,11,0.478260869565217,6
[581] GIURISPRUDENZA,[A5810137] TUTELA INTERNAZIONALE DEI DIRITTI UMANI,A5810137,27,13,0.481481481481481,7
[581] GIURISPRUDENZA,[A5810011] GIUSTIZIA AMMINISTRATIVA,A5810011,197,97,0.49238578680203,8
[581] GIURISPRUDENZA,[A5810019] ISTITUZIONI DI DIRITTO PRIVATO,A5810019,517,258,0.499032882011605,9
[581] GIURISPRUDENZA,[A5810064] DIRITTO PROCESSUALE CIVILE C.P.,A5810064,6,3,0.5,10
[E0201Q] BIOTECNOLOGIE,[E0201Q059] BIOCHIMICA PER LE BIOTECNOLOGIE,E0201Q059,148,73,0.493243243243243,1
[E0201Q] BIOTECNOLOGIE,[E0201Q001] MATEMATICA,E0201Q001,268,141,0.526119402985075,2
[E0201Q] BIOTECNOLOGIE,[E0201Q053] ORGANI E FUNZIONI,E0201Q053,142,83,0.584507042253521,3
[E0201Q] BIOTECNOLOGIE,[E0201Q050] METODOLOGIE BIOCHIMICHE E TECNOLOGIE BIOMOLECOLARI,E0201Q050,86,52,0.604651162790698,4
[E0201Q] BIOTECNOLOGIE,[E0201Q075] BIOTECNOLOGIE CELLULARI,E0201Q075,43,26,0.604651162790698,5
[E0201Q] BIOTECNOLOGIE,[E0201Q055] COMPOSTI ORGANICI DI INTERESSE MERCEOLOGICO,E0201Q055,38,24,0.631578947368421,6
[E0201Q] BIOTECNOLOGIE,[E0201Q065] BIOCHIMICA SISTEMATICA UMANA,E0201Q065,126,84,0.666666666666667,7
[E0201Q] BIOTECNOLOGIE,[E0201Q073] GENETICA MOLECOLARE UMANA,E0201Q073,37,25,0.675675675675676,8
[E0201Q] BIOTECNOLOGIE,[E0201Q057] ANALISI DI FUNZIONI GENICHE,E0201Q057,22,15,0.681818181818182,9
[E0201Q] BIOTECNOLOGIE,[E0201Q060] FERMENTAZIONI E BIOPROCESSI MICROBICI,E0201Q060,153,108,0.705882352941177,10
[E1301Q] SCIENZE BIOLOGICHE,[E0201Q050] METODOLOGIE BIOCHIMICHE E TECNOLOGIE BIOMOLECOLARI,E0201Q050,2,0,0.0,1
[E1301Q] SCIENZE BIOLOGICHE,[E0201Q054] FARMACOLOGIA,E0201Q054,1,0,0.0,2
[E1301Q] SCIENZE BIOLOGICHE,[E2702Q092] CHIMICA INORGANICA I E LABORATORIO,E2702Q092,1,0,0.0,3
[E1301Q] SCIENZE BIOLOGICHE,[E0201Q012] ECONOMIA AZIENDALE,E0201Q012,3,1,0.333333333333333,4
[E1301Q] SCIENZE BIOLOGICHE,[E1301Q011] ZOOLOGIA,E1301Q011,190,75,0.394736842105263,5
[E1301Q] SCIENZE BIOLOGICHE,[E1301Q072] GENETICA,E1301Q072,97,41,0.422680412371134,6
[E1301Q] SCIENZE BIOLOGICHE,[E1301Q007] FISICA,E1301Q007,187,85,0.454545454545455,7
[E1301Q] SCIENZE BIOLOGICHE,[E0201Q065] BIOCHIMICA SISTEMATICA UMANA,E0201Q065,99,48,0.484848484848485,8
[E1301Q] SCIENZE BIOLOGICHE,[E1301Q068] FISIOLOGIA DEI SISTEMI,E1301Q068,57,28,0.491228070175439,9
[E1301Q] SCIENZE BIOLOGICHE,[E0201Q055] COMPOSTI ORGANICI DI INTERESSE MERCEOLOGICO,E0201Q055,16,8,0.5,10
[E1401A] SCIENZE DEI SERVIZI GIURIDICI,[E1401A034] DIRITTO URBANISTICO,E1401A034,1,0,0.0,1
[E1401A] SCIENZE DEI SERVIZI GIURIDICI,[E1401A039] DIRITTO DELL'ESECUZIONE CIVILE,E1401A039,3,0,0.0,2
[E1401A] SCIENZE DEI SERVIZI GIURIDICI,[E1401A030] DIRITTO COMUNITARIO DELLA CONCORRENZA E DEL MERCATO INTERNO,E1401A030,4,1,0.25,3
[E1401A] SCIENZE DEI SERVIZI GIURIDICI,[E1401A081] DIRITTO SINDACALE,E1401A081,8,3,0.375,4
[E1401A] SCIENZE DEI SERVIZI GIURIDICI,[E1401A078] ISTITUZIONI DI DIRITTO PRIVATO,E1401A078,359,135,0.376044568245125,5
[E1401A] SCIENZE DEI SERVIZI GIURIDICI,[E1401A015] ECONOMIA AZIENDALE,E1401A015,231,93,0.402597402597403,6
[E1401A] SCIENZE DEI SERVIZI GIURIDICI,[E1401A028] DIRITTO FALLIMENTARE,E1401A028,21,9,0.428571428571429,7
[E1401A] SCIENZE DEI SERVIZI GIURIDICI,[E1401A005] DIRITTO COSTITUZIONALE,E1401A005,306,133,0.434640522875817,8
[E1401A] SCIENZE DEI SERVIZI GIURIDICI,[E1401A082] POLITICA ECONOMICA,E1401A082,18,8,0.444444444444444,9
[E1401A] SCIENZE DEI SERVIZI GIURIDICI,[E1401A085] ELEMENTI DI PROCEDURA PENALE,E1401A085,139,63,0.453237410071942,10
[E1501N] SCIENZE DEL TURISMO E COMUNITÀ LOCALE,[E1901R087] PEDAGOGIA DELL'ADOLESCENZA,E1901R087,1,0,0.0,1
[E1501N] SCIENZE DEL TURISMO E COMUNITÀ LOCALE,"[E1501N054] MUSICA, SPETTACOLO E TERRITORIO",E1501N054,58,23,0.396551724137931,2
[E1501N] SCIENZE DEL TURISMO E COMUNITÀ LOCALE,[E1801M050] LINGUA - FRANCESE,E1801M050,2,1,0.5,3
[E1501N] SCIENZE DEL TURISMO E COMUNITÀ LOCALE,[E1801M053] LINGUA - TEDESCO,E1801M053,2,1,0.5,4
[E1501N] SCIENZE DEL TURISMO E COMUNITÀ LOCALE,[E2001R005] SOCIOLOGIA DELLA COMUNICAZIONE,E2001R005,2,1,0.5,5
[E1501N] SCIENZE DEL TURISMO E COMUNITÀ LOCALE,[E4001N055] LA COMUNICAZIONE: PRODUZIONE E CONSUMO,E4001N055,2,1,0.5,6
[E1501N] SCIENZE DEL TURISMO E COMUNITÀ LOCALE,[E1501N001] DIRITTO DEL TURISMO,E1501N001,203,113,0.556650246305419,7
[E1501N] SCIENZE DEL TURISMO E COMUNITÀ LOCALE,[E1501N065] ECONOMIA CULTURALE E AMBIENTALE,E1501N065,179,102,0.569832402234637,8
[E1501N] SCIENZE DEL TURISMO E COMUNITÀ LOCALE,[E1801M052] LINGUA - SPAGNOLO,E1801M052,5,3,0.6,9
[E1501N] SCIENZE DEL TURISMO E COMUNITÀ LOCALE,[E1501N051] GEOGRAFIA DEL TURISMO,E1501N051,263,174,0.661596958174905,10
[E1502N] SCIENZE DEL TURISMO E COMUNITÀ LOCALE (NETTUNO),[E1501N080] MARKETING,E1501N080,1,1,1.0,1
[E1601N] SCIENZE DELL'ORGANIZZAZIONE,[E1802M117] BILANCIO E ANALISI ECONOMICO FINANZIARIA,E1802M117,3,0,0.0,1
[E1601N] SCIENZE DELL'ORGANIZZAZIONE,[E1803M075] ECONOMIA DELLE ISTITUZIONI FINANZIARIE,E1803M075,2,0,0.0,2
[E1601N] SCIENZE DELL'ORGANIZZAZIONE,[E1901R084] MUSICA,E1901R084,2,0,0.0,3
[E1601N] SCIENZE DELL'ORGANIZZAZIONE,[E2004P004] PSICOLOGIA GENERALE PER LA COMUNICAZIONE,E2004P004,1,0,0.0,4
[E1601N] SCIENZE DELL'ORGANIZZAZIONE,[E3301M181] LINGUA- FRANCESE,E3301M181,3,0,0.0,5
[E1601N] SCIENZE DELL'ORGANIZZAZIONE,[E1801M050] LINGUA - FRANCESE,E1801M050,8,2,0.25,6
[E1601N] SCIENZE DELL'ORGANIZZAZIONE,[E1601N020] MATEMATICA,E1601N020,344,87,0.252906976744186,7
[E1601N] SCIENZE DELL'ORGANIZZAZIONE,[E1501N080] MARKETING,E1501N080,9,4,0.444444444444444,8
[E1601N] SCIENZE DELL'ORGANIZZAZIONE,[E1601N049] ORDINAMENTO E DIRITTO REGIONALE,E1601N049,190,95,0.5,9
[E1601N] SCIENZE DELL'ORGANIZZAZIONE,[E2401P028] PSICOLOGIA DEL COMPORTAMENTO ECONOMICO E DEI CONSUMI,E2401P028,2,1,0.5,10
"[E1801M] MARKETING, COMUNICAZIONE AZIENDALE E MERCATI GLOBALI",[E3301M145] BILANCIO,E3301M145,3,0,0.0,1
"[E1801M] MARKETING, COMUNICAZIONE AZIENDALE E MERCATI GLOBALI",[E3301M155] CONTABILITA' DEGLI ENTI PUBBLICI,E3301M155,9,3,0.333333333333333,2
"[E1801M] MARKETING, COMUNICAZIONE AZIENDALE E MERCATI GLOBALI",[E3301M190] ECONOMIA DEL MERCATO MOBILIARE,E3301M190,6,2,0.333333333333333,3
"[E1801M] MARKETING, COMUNICAZIONE AZIENDALE E MERCATI GLOBALI",[E1801M039] STATISTICA I,E1801M039,330,117,0.354545454545455,4
"[E1801M] MARKETING, COMUNICAZIONE AZIENDALE E MERCATI GLOBALI",[E1801M032] INFORMATICA GENERALE,E1801M032,408,145,0.355392156862745,5
"[E1801M] MARKETING, COMUNICAZIONE AZIENDALE E MERCATI GLOBALI",[E2401P028] PSICOLOGIA DEL COMPORTAMENTO ECONOMICO E DEI CONSUMI,E2401P028,2,1,0.5,6
"[E1801M] MARKETING, COMUNICAZIONE AZIENDALE E MERCATI GLOBALI",[E2401P120] TEORIE E STRUMENTI PER LA GESTIONE E LO SVILUPPO DEL PERSONALE,E2401P120,10,5,0.5,7
"[E1801M] MARKETING, COMUNICAZIONE AZIENDALE E MERCATI GLOBALI",[E1801M048] MATEMATICA PER IL MARKETING,E1801M048,266,148,0.556390977443609,8
"[E1801M] MARKETING, COMUNICAZIONE AZIENDALE E MERCATI GLOBALI",[E1801M033] ISTITUZIONI DI DIRITTO PRIVATO,E1801M033,276,157,0.568840579710145,9
"[E1801M] MARKETING, COMUNICAZIONE AZIENDALE E MERCATI GLOBALI",[E1801M052] LINGUA - SPAGNOLO,E1801M052,239,136,0.569037656903766,10
[E1802M] ECONOMIA E AMMINISTRAZIONE DELLE IMPRESE,[E3301M140] DIRITTO DEI TRASPORTI,E3301M140,2,0,0.0,1
[E1802M] ECONOMIA E AMMINISTRAZIONE DELLE IMPRESE,[E3301M150] DIRITTO INTERNAZIONALE ED EUROPEO DELL'ECONOMIA,E3301M150,11,3,0.272727272727273,2
[E1802M] ECONOMIA E AMMINISTRAZIONE DELLE IMPRESE,[E1802M007] RAGIONERIA GENERALE ED APPLICATA,E1802M007,496,189,0.381048387096774,3
[E1802M] ECONOMIA E AMMINISTRAZIONE DELLE IMPRESE,[E1802M033] INFORMATICA GENERALE,E1802M033,183,70,0.382513661202186,4
[E1802M] ECONOMIA E AMMINISTRAZIONE DELLE IMPRESE,[E1802M119] METODI STATISTICI PER L'AMMINISTRAZIONE DELLE IMPRESE,E1802M119,166,68,0.409638554216867,5
[E1802M] ECONOMIA E AMMINISTRAZIONE DELLE IMPRESE,[E1802M125] TEORIA DEI CAMPIONI E SOFTWARE STATISTICI,E1802M125,2,1,0.5,6
[E1802M] ECONOMIA E AMMINISTRAZIONE DELLE IMPRESE,"[E3301M148] ECONOMIA,GESTIONE DELLE IMPRESE INDUSTRIALI E MARKETING",E3301M148,94,48,0.51063829787234,7
[E1802M] ECONOMIA E AMMINISTRAZIONE DELLE IMPRESE,[E3301M138] ECONOMIA E TECNICA DELLA COMUNICAZIONE AZIENDALE,E3301M138,36,19,0.527777777777778,8
[E1802M] ECONOMIA E AMMINISTRAZIONE DELLE IMPRESE,[E1802M117] BILANCIO E ANALISI ECONOMICO FINANZIARIA,E1802M117,231,123,0.532467532467532,9
[E1802M] ECONOMIA E AMMINISTRAZIONE DELLE IMPRESE,[E1802M126] DIRITTO DEL LAVORO,E1802M126,31,17,0.548387096774194,10
"[E1803M] ECONOMIA DELLE BANCHE, DELLE ASSICURAZIONI E DEGLI INTERMEDIARI FINANZIARI","[E3301M148] ECONOMIA,GESTIONE DELLE IMPRESE INDUSTRIALI E MARKETING",E3301M148,1,0,0.0,1
"[E1803M] ECONOMIA DELLE BANCHE, DELLE ASSICURAZIONI E DEGLI INTERMEDIARI FINANZIARI",[E1803M047] MATEMATICA GENERALE I,E1803M047,552,143,0.259057971014493,2
"[E1803M] ECONOMIA DELLE BANCHE, DELLE ASSICURAZIONI E DEGLI INTERMEDIARI FINANZIARI",[A5810050] DIRITTO DEI MERCATI FINANZIARI,A5810050,3,1,0.333333333333333,3
"[E1803M] ECONOMIA DELLE BANCHE, DELLE ASSICURAZIONI E DEGLI INTERMEDIARI FINANZIARI",[E1803M037] INFORMATICA GENERALE,E1803M037,147,49,0.333333333333333,4
"[E1803M] ECONOMIA DELLE BANCHE, DELLE ASSICURAZIONI E DEGLI INTERMEDIARI FINANZIARI",[E1803M041] STATISTICA I,E1803M041,317,121,0.381703470031546,5
"[E1803M] ECONOMIA DELLE BANCHE, DELLE ASSICURAZIONI E DEGLI INTERMEDIARI FINANZIARI",[E1803M058] LINGUA - FRANCESE,E1803M058,95,37,0.389473684210526,6
"[E1803M] ECONOMIA DELLE BANCHE, DELLE ASSICURAZIONI E DEGLI INTERMEDIARI FINANZIARI",[E2004P025] PSICOLOGIA ECONOMICA E DEL LAVORO,E2004P025,12,5,0.416666666666667,7
"[E1803M] ECONOMIA DELLE BANCHE, DELLE ASSICURAZIONI E DEGLI INTERMEDIARI FINANZIARI",[E1803M048] STATISTICA PER LA FINANZA,E1803M048,142,60,0.422535211267606,8
"[E1803M] ECONOMIA DELLE BANCHE, DELLE ASSICURAZIONI E DEGLI INTERMEDIARI FINANZIARI",[E1803M051] MATEMATICA PER LA FINANZA,E1803M051,275,132,0.48,9
"[E1803M] ECONOMIA DELLE BANCHE, DELLE ASSICURAZIONI E DEGLI INTERMEDIARI FINANZIARI",[E1803M059] LINGUA- TEDESCO,E1803M059,22,11,0.5,10
[E1901R] SCIENZE DELL'EDUCAZIONE,[E1901R020] STORIA MODERNA,E1901R020,14,4,0.285714285714286,1
[E1901R] SCIENZE DELL'EDUCAZIONE,[E2001R027] ANTROPOLOGIA DELLA CONTEMPORANEITÀ,E2001R027,3,1,0.333333333333333,2
[E1901R] SCIENZE DELL'EDUCAZIONE,[E2401P029] TECNICHE DEL COLLOQUIO,E2401P029,3,1,0.333333333333333,3
[E1901R] SCIENZE DELL'EDUCAZIONE,[E1901R089] ESTETICA,E1901R089,8,3,0.375,4
[E1901R] SCIENZE DELL'EDUCAZIONE,[E1901R090] GEOGRAFIA CULTURALE,E1901R090,23,9,0.391304347826087,5
[E1901R] SCIENZE DELL'EDUCAZIONE,[E1901R037] METODOLOGIA DELLA FORMAZIONE,E1901R037,64,31,0.484375,6
[E1901R] SCIENZE DELL'EDUCAZIONE,[E2401P022] PSICOLOGIA DEL CICLO DI VITA,E2401P022,2,1,0.5,7
[E1901R] SCIENZE DELL'EDUCAZIONE,[E2401P032] COUNSELLING,E2401P032,2,1,0.5,8
[E1901R] SCIENZE DELL'EDUCAZIONE,[E1901R018] STORIA DELLA FILOSOFIA,E1901R018,29,15,0.517241379310345,9
[E1901R] SCIENZE DELL'EDUCAZIONE,[E1901R004] ANTROPOLOGIA CULTURALE,E1901R004,463,265,0.572354211663067,10
[E2001R] COMUNICAZIONE INTERCULTURALE,[E1901R009] PEDAGOGIA DELL'INFANZIA,E1901R009,1,0,0.0,1
[E2001R] COMUNICAZIONE INTERCULTURALE,[E1901R021] STORIA CONTEMPORANEA,E1901R021,4,0,0.0,2
[E2001R] COMUNICAZIONE INTERCULTURALE,[E2004P004] PSICOLOGIA GENERALE PER LA COMUNICAZIONE,E2004P004,2,0,0.0,3
[E2001R] COMUNICAZIONE INTERCULTURALE,[E2401P103] PSICOPATOLOGIA GENERALE,E2401P103,2,0,0.0,4
[E2001R] COMUNICAZIONE INTERCULTURALE,[E2001R059] LINGUA GIAPPONESE II,E2001R059,52,12,0.230769230769231,5
[E2001R] COMUNICAZIONE INTERCULTURALE,[E2001R056] LINGUA CINESE II,E2001R056,11,3,0.272727272727273,6
[E2001R] COMUNICAZIONE INTERCULTURALE,[E1901R019] STORIA MEDIOEVALE,E1901R019,3,1,0.333333333333333,7
[E2001R] COMUNICAZIONE INTERCULTURALE,[E1801M051] LINGUA - INGLESE,E1801M051,8,3,0.375,8
[E2001R] COMUNICAZIONE INTERCULTURALE,[E2004P013] PSICOLOGIA DELL'ARTE,E2004P013,5,2,0.4,9
[E2001R] COMUNICAZIONE INTERCULTURALE,[E2004P038] WEB MARKETING,E2004P038,7,3,0.428571428571429,10
[E2003P] COMUNICAZIONE E PSICOLOGIA,[E2004P029] PSICOLOGIA DEL COMPORTAMENTO ECONOMICO E DEI CONSUMI,E2004P029,2,0,0.0,1
[E2003P] COMUNICAZIONE E PSICOLOGIA,[E2004P038] WEB MARKETING,E2004P038,1,1,1.0,2
[E2004P] SCIENZE PSICOSOCIALI DELLA COMUNICAZIONE,[E2001R006] ESTETICA,E2001R006,1,0,0.0,1
[E2004P] SCIENZE PSICOSOCIALI DELLA COMUNICAZIONE,"[E2004P008] APPRENDIMENTO, PENSIERO E DECISIONE",E2004P008,135,54,0.4,2
[E2004P] SCIENZE PSICOSOCIALI DELLA COMUNICAZIONE,[E2401P035] CRIMINOLOGIA,E2401P035,7,3,0.428571428571429,3
[E2004P] SCIENZE PSICOSOCIALI DELLA COMUNICAZIONE,[E2004P013] PSICOLOGIA DELL'ARTE,E2004P013,99,45,0.454545454545455,4
[E2004P] SCIENZE PSICOSOCIALI DELLA COMUNICAZIONE,[E1901R084] MUSICA,E1901R084,2,1,0.5,5
[E2004P] SCIENZE PSICOSOCIALI DELLA COMUNICAZIONE,[E2401P016] PENSIERO E COMUNICAZIONE,E2401P016,2,1,0.5,6
[E2004P] SCIENZE PSICOSOCIALI DELLA COMUNICAZIONE,[E2401P026] PSICOLOGIA GIURIDICA,E2401P026,2,1,0.5,7
[E2004P] SCIENZE PSICOSOCIALI DELLA COMUNICAZIONE,[E2401P117] PSICOLOGIA DELL'EDUCAZIONE E DEI PROCESSI DI APPRENDIMENTO,E2401P117,2,1,0.5,8
[E2004P] SCIENZE PSICOSOCIALI DELLA COMUNICAZIONE,[E2401P119] RICERCA INTERVENTO DI COMUNITA',E2401P119,6,3,0.5,9
[E2004P] SCIENZE PSICOSOCIALI DELLA COMUNICAZIONE,[E3301M138] ECONOMIA E TECNICA DELLA COMUNICAZIONE AZIENDALE,E3301M138,4,2,0.5,10
[E2401P] SCIENZE E TECNICHE PSICOLOGICHE,[A5810070] MEDICINA LEGALE,A5810070,2,0,0.0,1
[E2401P] SCIENZE E TECNICHE PSICOLOGICHE,[E1301Q067] IMMUNOLOGIA E PATOLOGIA,E1301Q067,3,0,0.0,2
[E2401P] SCIENZE E TECNICHE PSICOLOGICHE,[E2004P028] INFORMATICA E GRAFICA PER IL WEB,E2004P028,7,1,0.142857142857143,3
[E2401P] SCIENZE E TECNICHE PSICOLOGICHE,[E2004P025] PSICOLOGIA ECONOMICA E DEL LAVORO,E2004P025,4,1,0.25,4
[E2401P] SCIENZE E TECNICHE PSICOLOGICHE,[E2401P007] PSICOLOGIA GENERALE 2,E2401P007,538,244,0.453531598513011,5
[E2401P] SCIENZE E TECNICHE PSICOLOGICHE,[E1901R082] PSICOLOGIA DELLA DISABILITA' E DELL'INTEGRAZIONE,E1901R082,2,1,0.5,6
[E2401P] SCIENZE E TECNICHE PSICOLOGICHE,[E1901R085] CINEMA E ARTI VISIVE,E1901R085,2,1,0.5,7
[E2401P] SCIENZE E TECNICHE PSICOLOGICHE,[E2401P109] PERCEZIONE E ATTENZIONE,E2401P109,56,28,0.5,8
[E2401P] SCIENZE E TECNICHE PSICOLOGICHE,[E3101Q103] BASI DI DATI,E3101Q103,2,1,0.5,9
[E2401P] SCIENZE E TECNICHE PSICOLOGICHE,[E2401P001] PSICOLOGIA GENERALE 1,E2401P001,624,351,0.5625,10
[E2701Q] SCIENZA DEI MATERIALI,[E2701Q036] FISICA I CON LABORATORIO,E2701Q036,100,27,0.27,1
[E2701Q] SCIENZA DEI MATERIALI,[E2701Q046] STRUTTURA DELLA MATERIA II,E2701Q046,31,10,0.32258064516129,2
[E2701Q] SCIENZA DEI MATERIALI,[E0201Q055] COMPOSTI ORGANICI DI INTERESSE MERCEOLOGICO,E0201Q055,3,1,0.333333333333333,3
[E2701Q] SCIENZA DEI MATERIALI,[E2701Q045] FISICA DEI MATERIALI CON LABORATORIO,E2701Q045,47,16,0.340425531914894,4
[E2701Q] SCIENZA DEI MATERIALI,[E2701Q037] FISICA II,E2701Q037,37,13,0.351351351351351,5
[E2701Q] SCIENZA DEI MATERIALI,[E2701Q034] CHIMICA GENERALE E INORGANICA CON LABORATORIO,E2701Q034,132,50,0.378787878787879,6
[E2701Q] SCIENZA DEI MATERIALI,[E2701Q002] MATEMATICA II,E2701Q002,60,24,0.4,7
[E2701Q] SCIENZA DEI MATERIALI,[E2701Q001] MATEMATICA I,E2701Q001,83,38,0.457831325301205,8
[E2701Q] SCIENZA DEI MATERIALI,[E2701Q043] STRUTTURA DELLA MATERIA I,E2701Q043,24,11,0.458333333333333,9
[E2701Q] SCIENZA DEI MATERIALI,[E2701Q049] LABORATORIO DI TECNOLOGIA DEI MATERIALI II,E2701Q049,2,1,0.5,10
[E2702Q] SCIENZE E TECNOLOGIE CHIMICHE,[E2702Q089] CHIMICA FISICA II E LABORATORIO,E2702Q089,121,38,0.31404958677686,1
[E2702Q] SCIENZE E TECNOLOGIE CHIMICHE,[E2702Q106] ECONOMIA E GESTIONE DELLE IMPRESE CHIMICHE,E2702Q106,20,8,0.4,2
[E2702Q] SCIENZE E TECNOLOGIE CHIMICHE,[E2702Q082] CHIMICA GENERALE E LABORATORIO,E2702Q082,150,64,0.426666666666667,3
[E2702Q] SCIENZE E TECNOLOGIE CHIMICHE,[E2702Q009] CHIMICA FISICA I,E2702Q009,134,61,0.455223880597015,4
[E2702Q] SCIENZE E TECNOLOGIE CHIMICHE,[E2702Q092] CHIMICA INORGANICA I E LABORATORIO,E2702Q092,84,40,0.476190476190476,5
[E2702Q] SCIENZE E TECNOLOGIE CHIMICHE,[E3401Q017] GEOCHIMICA,E3401Q017,2,1,0.5,6
[E2702Q] SCIENZE E TECNOLOGIE CHIMICHE,[E2702Q045] ELEMENTI DI BIOCHIMICA,E2702Q045,73,40,0.547945205479452,7
[E2702Q] SCIENZE E TECNOLOGIE CHIMICHE,[E2702Q001] MATEMATICA I,E2702Q001,108,65,0.601851851851852,8
[E2702Q] SCIENZE E TECNOLOGIE CHIMICHE,[E2702Q085] CHIMICA ORGANICA I,E2702Q085,80,49,0.6125,9
[E2702Q] SCIENZE E TECNOLOGIE CHIMICHE,[E2702Q004] FISICA II,E2702Q004,76,51,0.671052631578947,10
[E3001Q] FISICA,[E1803M051] MATEMATICA PER LA FINANZA,E1803M051,1,0,0.0,1
[E3001Q] FISICA,[E1803M054] ECONOMIA DEL SETTORE FINANZIARIO,E1803M054,1,0,0.0,2
[E3001Q] FISICA,[E2701Q035] CHIMICA ORGANICA,E2701Q035,1,0,0.0,3
[E3001Q] FISICA,[E3002Q029] INTERAZIONE LUCE MATERIA,E3002Q029,5,1,0.2,4
[E3001Q] FISICA,[E3401Q051] GEOFISICA,E3401Q051,16,4,0.25,5
[E3001Q] FISICA,[E4101B017] ECONOMETRIA,E4101B017,4,1,0.25,6
[E3001Q] FISICA,[E3001Q055] ELEMENTI DI FISICA TEORICA,E3001Q055,38,13,0.342105263157895,7
[E3001Q] FISICA,[E3001Q038] CHIMICA,E3001Q038,270,115,0.425925925925926,8
[E3001Q] FISICA,[E3001Q054] ELEMENTI DI ASTROFISICA,E3001Q054,68,29,0.426470588235294,9
[E3001Q] FISICA,[E3001Q046] MECCANICA QUANTISTICA,E3001Q046,126,56,0.444444444444444,10
[E3002Q] OTTICA E OPTOMETRIA,[E2004P004] PSICOLOGIA GENERALE PER LA COMUNICAZIONE,E2004P004,3,0,0.0,1
[E3002Q] OTTICA E OPTOMETRIA,[E2401P109] PERCEZIONE E ATTENZIONE,E2401P109,2,0,0.0,2
[E3002Q] OTTICA E OPTOMETRIA,[E3002Q006] FISICA I,E3002Q006,77,6,0.0779220779220779,3
[E3002Q] OTTICA E OPTOMETRIA,[E3002Q032] ANATOMIA E ISTOLOGIA UMANA E OCULARE,E3002Q032,127,25,0.196850393700787,4
[E3002Q] OTTICA E OPTOMETRIA,[E3002Q033] OTTICA GEOMETRICA E OFTALMICA CON LABORATORIO,E3002Q033,116,25,0.21551724137931,5
[E3002Q] OTTICA E OPTOMETRIA,[E3002Q034] OPTOMETRIA AVANZATA CON LABORATORIO,E3002Q034,35,9,0.257142857142857,6
[E3002Q] OTTICA E OPTOMETRIA,[E3002Q011] OTTICA DELLA CONTATTOLOGIA GENERALE,E3002Q011,57,16,0.280701754385965,7
[E3002Q] OTTICA E OPTOMETRIA,[E1802M116] MANAGEMENT,E1802M116,3,1,0.333333333333333,8
[E3002Q] OTTICA E OPTOMETRIA,[E3002Q028] SISTEMI OTTICI E OFTALMICI CON LABORATORIO,E3002Q028,85,30,0.352941176470588,9
[E3002Q] OTTICA E OPTOMETRIA,[E3002Q030] STORIA E SVILUPPI DEGLI STRUMENTI OTTICI,E3002Q030,49,19,0.387755102040816,10
[E3101Q] INFORMATICA,[E3501Q004] GEOMETRIA I,E3501Q004,2,0,0.0,1
[E3101Q] INFORMATICA,[E3101Q101] COMPLEMENTI DI MATEMATICA,E3101Q101,405,74,0.182716049382716,2
[E3101Q] INFORMATICA,[E3101Q104] ARCHITETTURA DEGLI ELABORATORI,E3101Q104,555,105,0.189189189189189,3
[E3101Q] INFORMATICA,[E3101Q114] ROBOTICA E AUTOMAZIONE,E3101Q114,14,5,0.357142857142857,4
[E3101Q] INFORMATICA,[E3101Q129] METODI ALGEBRICI PER L'INFORMATICA,E3101Q129,80,35,0.4375,5
[E3101Q] INFORMATICA,[E3101Q103] BASI DI DATI,E3101Q103,507,233,0.45956607495069,6
[E3101Q] INFORMATICA,[E3101Q124] SISTEMI EMBEDDED,E3101Q124,28,13,0.464285714285714,7
[E3101Q] INFORMATICA,[E3101Q122] PROGRAMMAZIONE E AMMINISTRAZIONE DI SISTEMA,E3101Q122,85,40,0.470588235294118,8
[E3101Q] INFORMATICA,[E3101Q131] METODI INFORMATICI PER LA GESTIONE AZIENDALE,E3101Q131,59,29,0.491525423728814,9
[E3101Q] INFORMATICA,[E3101Q100] ANALISI MATEMATICA,E3101Q100,304,151,0.496710526315789,10
[E3201Q] SCIENZE E TECNOLOGIE PER L'AMBIENTE,[E1301Q068] FISIOLOGIA DEI SISTEMI,E1301Q068,1,0,0.0,1
[E3201Q] SCIENZE E TECNOLOGIE PER L'AMBIENTE,[E3201Q001] MATEMATICA I,E3201Q001,123,25,0.203252032520325,2
[E3201Q] SCIENZE E TECNOLOGIE PER L'AMBIENTE,[E3201Q073] FISICA APPLICATA,E3201Q073,42,11,0.261904761904762,3
[E3201Q] SCIENZE E TECNOLOGIE PER L'AMBIENTE,[E3201Q092] CHIMICA FISICA,E3201Q092,69,23,0.333333333333333,4
[E3201Q] SCIENZE E TECNOLOGIE PER L'AMBIENTE,[E3201Q067] CHIMICA GENERALE ED INORGANICA,E3201Q067,111,38,0.342342342342342,5
[E3201Q] SCIENZE E TECNOLOGIE PER L'AMBIENTE,[E3201Q106] CHIMICA ANALITICA,E3201Q106,73,26,0.356164383561644,6
[E3201Q] SCIENZE E TECNOLOGIE PER L'AMBIENTE,[E0201Q068] GENETICA,E0201Q068,5,2,0.4,7
[E3201Q] SCIENZE E TECNOLOGIE PER L'AMBIENTE,[E3201Q076] ECOLOGIA,E3201Q076,76,32,0.421052631578947,8
[E3201Q] SCIENZE E TECNOLOGIE PER L'AMBIENTE,[E3201Q040] MATEMATICA II,E3201Q040,78,37,0.474358974358974,9
[E3201Q] SCIENZE E TECNOLOGIE PER L'AMBIENTE,[E3201Q091] FISICA TERRESTRE,E3201Q091,60,29,0.483333333333333,10
[E3301M] ECONOMIA E COMMERCIO,[E1501N051] GEOGRAFIA DEL TURISMO,E1501N051,1,0,0.0,1
[E3301M] ECONOMIA E COMMERCIO,[E4101B018] ECONOMIA DEI MERCATI MONETARI E FINANZIARI,E4101B018,2,0,0.0,2
[E3301M] ECONOMIA E COMMERCIO,[E4102B066] DEMOGRAFIA,E4102B066,2,0,0.0,3
[E3301M] ECONOMIA E COMMERCIO,[E3301M131] METODI MATEMATICI,E3301M131,299,87,0.290969899665552,4
[E3301M] ECONOMIA E COMMERCIO,[E3301M192] STATISTICA,E3301M192,289,115,0.397923875432526,5
[E3301M] ECONOMIA E COMMERCIO,[E3301M140] DIRITTO DEI TRASPORTI,E3301M140,5,2,0.4,6
[E3301M] ECONOMIA E COMMERCIO,[E3301M128] MATEMATICA GENERALE I,E3301M128,414,190,0.458937198067633,7
[E3301M] ECONOMIA E COMMERCIO,[E3301M159] STATISTICA PER L'AZIENDA,E3301M159,107,53,0.495327102803738,8
[E3301M] ECONOMIA E COMMERCIO,[E1501N065] ECONOMIA CULTURALE E AMBIENTALE,E1501N065,2,1,0.5,9
[E3301M] ECONOMIA E COMMERCIO,[E1801M050] LINGUA - FRANCESE,E1801M050,2,1,0.5,10
[E3401Q] SCIENZE E TECNOLOGIE GEOLOGICHE,[E3201Q072] PRINCIPI DI DIRITTO AMBIENTALE,E3201Q072,2,0,0.0,1
[E3401Q] SCIENZE E TECNOLOGIE GEOLOGICHE,[E3401Q055] GEOLOGIA STRUTTURALE,E3401Q055,49,1,0.0204081632653061,2
[E3401Q] SCIENZE E TECNOLOGIE GEOLOGICHE,[E3401Q038] INFORMATICA PER LE SCIENZE DELLA TERRA,E3401Q038,81,12,0.148148148148148,3
[E3401Q] SCIENZE E TECNOLOGIE GEOLOGICHE,[E3401Q051] GEOFISICA,E3401Q051,96,23,0.239583333333333,4
[E3401Q] SCIENZE E TECNOLOGIE GEOLOGICHE,[E3401Q036] RILEVAMENTO GEOLOGICO,E3401Q036,92,23,0.25,5
[E3401Q] SCIENZE E TECNOLOGIE GEOLOGICHE,[E3401Q004] CHIMICA GENERALE E INORGANICA,E3401Q004,171,48,0.280701754385965,6
[E3401Q] SCIENZE E TECNOLOGIE GEOLOGICHE,[E3401Q001] MATEMATICA,E3401Q001,188,61,0.324468085106383,7
[E3401Q] SCIENZE E TECNOLOGIE GEOLOGICHE,[E2701Q041] LABORATORIO DI CHIMICA ORGANICA,E2701Q041,3,1,0.333333333333333,8
[E3401Q] SCIENZE E TECNOLOGIE GEOLOGICHE,[E3401Q013] MINERALOGIA,E3401Q013,156,53,0.33974358974359,9
[E3401Q] SCIENZE E TECNOLOGIE GEOLOGICHE,[E3401Q002] FISICA,E3401Q002,93,35,0.376344086021505,10
[E3501Q] MATEMATICA,[E3001Q038] CHIMICA,E3001Q038,1,0,0.0,1
[E3501Q] MATEMATICA,[E3301M159] STATISTICA PER L'AZIENDA,E3301M159,3,0,0.0,2
[E3501Q] MATEMATICA,[E3501Q003] ALGEBRA I,E3501Q003,117,23,0.196581196581197,3
[E3501Q] MATEMATICA,[E3001Q054] ELEMENTI DI ASTROFISICA,E3001Q054,5,1,0.2,4
[E3501Q] MATEMATICA,[E3501Q056] ANALISI III,E3501Q056,23,8,0.347826086956522,5
[E3501Q] MATEMATICA,[E3501Q023] FISICA II,E3501Q023,70,26,0.371428571428571,6
[E3501Q] MATEMATICA,[E2401P064] FILOSOFIA DELLA SCIENZA,E2401P064,7,3,0.428571428571429,7
[E3501Q] MATEMATICA,[E3501Q064] CALCOLO NUMERICO,E3501Q064,39,18,0.461538461538462,8
[E3501Q] MATEMATICA,[E3501Q004] GEOMETRIA I,E3501Q004,81,38,0.469135802469136,9
[E3501Q] MATEMATICA,[E3501Q051] ALGEBRA LINEARE E GEOMETRIA,E3501Q051,103,50,0.485436893203884,10
[E3901N] SERVIZIO SOCIALE,[E3901N028] PSICOLOGIA DELLO SVILUPPO,E3901N028,192,61,0.317708333333333,1
[E3901N] SERVIZIO SOCIALE,[E3901N003] ISTITUZIONI DI DIRITTO PUBBLICO,E3901N003,179,69,0.385474860335196,2
[E3901N] SERVIZIO SOCIALE,[E3901N030] SOCIOLOGIA DELLA DEVIANZA,E3901N030,112,80,0.714285714285714,3
[E3901N] SERVIZIO SOCIALE,[E3901N031] DISAGIO PSICHICO,E3901N031,60,44,0.733333333333333,4
[E3901N] SERVIZIO SOCIALE,[E3901N004] PSICOLOGIA SOCIALE II,E3901N004,107,83,0.775700934579439,5
[E3901N] SERVIZIO SOCIALE,[E3901N006] ANTROPOLOGIA CULTURALE,E3901N006,104,83,0.798076923076923,6
[E3901N] SERVIZIO SOCIALE,[E3901N012] DIRITTO PRIVATO E DI FAMIGLIA,E3901N012,54,44,0.814814814814815,7
[E3901N] SERVIZIO SOCIALE,[E3901N013] DIRITTO DELLA SICUREZZA SOCIALE,E3901N013,101,83,0.821782178217822,8
[E3901N] SERVIZIO SOCIALE,[E3901N002] METODOLOGIA DELLA RICERCA SOCIALE,E3901N002,99,82,0.828282828282828,9
[E3901N] SERVIZIO SOCIALE,[E3901N008] PRINCIPI E FONDAMENTI DEL SERVIZIO SOCIALE,E3901N008,95,80,0.842105263157895,10
[E4001N] SOCIOLOGIA,[A5810015] DIRITTO PENALE,A5810015,1,0,0.0,1
[E4001N] SOCIOLOGIA,[E2001R027] ANTROPOLOGIA DELLA CONTEMPORANEITÀ,E2001R027,1,0,0.0,2
[E4001N] SOCIOLOGIA,[E2401P026] PSICOLOGIA GIURIDICA,E2401P026,3,0,0.0,3
[E4001N] SOCIOLOGIA,[E2401P103] PSICOPATOLOGIA GENERALE,E2401P103,2,0,0.0,4
[E4001N] SOCIOLOGIA,[A5810046] CRIMINOLOGIA,A5810046,13,3,0.230769230769231,5
[E4001N] SOCIOLOGIA,[E4001N015] STORIA CONTEMPORANEA,E4001N015,257,74,0.287937743190661,6
[E4001N] SOCIOLOGIA,[E4001N047] SOCIOLOGIA 2,E4001N047,314,118,0.375796178343949,7
[E4001N] SOCIOLOGIA,[E1901R087] PEDAGOGIA DELL'ADOLESCENZA,E1901R087,5,2,0.4,8
[E4001N] SOCIOLOGIA,[E1901R005] PSICOLOGIA DELL'EDUCAZIONE,E1901R005,7,3,0.428571428571429,9
[E4001N] SOCIOLOGIA,"[E2401P015] MOTIVAZIONE, EMOZIONE E PERSONALITÀ",E2401P015,9,4,0.444444444444444,10
[E4101B] SCIENZE STATISTICHE ED ECONOMICHE,[E1401A005] DIRITTO COSTITUZIONALE,E1401A005,1,0,0.0,1
[E4101B] SCIENZE STATISTICHE ED ECONOMICHE,[E1801M031] ECONOMIA AZIENDALE,E1801M031,1,0,0.0,2
[E4101B] SCIENZE STATISTICHE ED ECONOMICHE,[E3301M180] LINGUA - INGLESE,E3301M180,3,0,0.0,3
[E4101B] SCIENZE STATISTICHE ED ECONOMICHE,[E4101B002] ALGEBRA LINEARE,E4101B002,204,45,0.220588235294118,4
[E4101B] SCIENZE STATISTICHE ED ECONOMICHE,[E3301M097] ECONOMIA AZIENDALE,E3301M097,4,1,0.25,5
[E4101B] SCIENZE STATISTICHE ED ECONOMICHE,[E4101B001] ANALISI MATEMATICA I,E4101B001,315,86,0.273015873015873,6
[E4101B] SCIENZE STATISTICHE ED ECONOMICHE,[E4101B003] INFORMATICA,E4101B003,182,58,0.318681318681319,7
[E4101B] SCIENZE STATISTICHE ED ECONOMICHE,[E4101B006] CALCOLO DELLE PROBABILITÀ,E4101B006,142,56,0.394366197183099,8
[E4101B] SCIENZE STATISTICHE ED ECONOMICHE,[E4101B023] ECONOMIA INDUSTRIALE,E4101B023,131,54,0.412213740458015,9
[E4101B] SCIENZE STATISTICHE ED ECONOMICHE,[E4102B054] STATISTICA MEDICA,E4102B054,16,7,0.4375,10
[E4102B] STATISTICA E GESTIONE DELLE INFORMAZIONI,[E4101B008] STATISTICA ECONOMICA I,E4101B008,1,0,0.0,1
[E4102B] STATISTICA E GESTIONE DELLE INFORMAZIONI,[E4102B002] ALGEBRA LINEARE,E4102B002,144,25,0.173611111111111,2
[E4102B] STATISTICA E GESTIONE DELLE INFORMAZIONI,[E4102B067] INFORMATICA,E4102B067,214,47,0.219626168224299,3
[E4102B] STATISTICA E GESTIONE DELLE INFORMAZIONI,[E4102B005] STATISTICA I,E4102B005,264,65,0.246212121212121,4
[E4102B] STATISTICA E GESTIONE DELLE INFORMAZIONI,[E4102B001] ANALISI MATEMATICA I,E4102B001,125,45,0.36,5
[E4102B] STATISTICA E GESTIONE DELLE INFORMAZIONI,[E4102B004] LABORATORIO DI INFORMATICA,E4102B004,77,31,0.402597402597403,6
[E4102B] STATISTICA E GESTIONE DELLE INFORMAZIONI,[E4102B009] ANALISI MATEMATICA II,E4102B009,72,31,0.430555555555556,7
[E4102B] STATISTICA E GESTIONE DELLE INFORMAZIONI,[E4102B006] CALCOLO DELLE PROBABILITÀ,E4102B006,93,44,0.473118279569892,8
[E4102B] STATISTICA E GESTIONE DELLE INFORMAZIONI,[E4102B081] STATISTICA II,E4102B081,64,31,0.484375,9
[E4102B] STATISTICA E GESTIONE DELLE INFORMAZIONI,[E4102B054] STATISTICA MEDICA,E4102B054,95,62,0.652631578947368,10
[F0101R] SCIENZE ANTROPOLOGICHE ED ETNOLOGICHE,[F0101R002] MODELLI TEORICI DELL'ANTROPOLOGIA,F0101R002,65,38,0.584615384615385,1
[F0101R] SCIENZE ANTROPOLOGICHE ED ETNOLOGICHE,[F0101R006] ANTROPOLOGIA ECONOMICA E SVILUPPO,F0101R006,47,30,0.638297872340426,2
[F0101R] SCIENZE ANTROPOLOGICHE ED ETNOLOGICHE,[F0101R012] ANTROPOLOGIA DELLA PARENTELA E DI GENERE,F0101R012,72,49,0.680555555555556,3
[F0101R] SCIENZE ANTROPOLOGICHE ED ETNOLOGICHE,[F0101R008] ANTROPOLOGIA DEI PROCESSI MIGRATORI,F0101R008,23,16,0.695652173913043,4
[F0101R] SCIENZE ANTROPOLOGICHE ED ETNOLOGICHE,[F0101R001] METODOLOGIA RICERCA ANTROPOLOGICA,F0101R001,52,37,0.711538461538462,5
[F0101R] SCIENZE ANTROPOLOGICHE ED ETNOLOGICHE,[F0101R025] CULTURE E SOCIETÀ DELL'AFRICA,F0101R025,8,6,0.75,6
[F0101R] SCIENZE ANTROPOLOGICHE ED ETNOLOGICHE,[F0101R067] CULTURE E SOCIETA' DELLA CINA,F0101R067,12,9,0.75,7
[F0101R] SCIENZE ANTROPOLOGICHE ED ETNOLOGICHE,[F0101R068] CULTURE E SOCIETA' DELLE AMERICHE,F0101R068,16,12,0.75,8
[F0101R] SCIENZE ANTROPOLOGICHE ED ETNOLOGICHE,[F0101R013] ANTROPOLOGIA MEDICA,F0101R013,14,11,0.785714285714286,9
[F0101R] SCIENZE ANTROPOLOGICHE ED ETNOLOGICHE,[F0101R066] STORIA MODERNA,F0101R066,5,4,0.8,10
[F0601Q] BIOLOGIA,[A5810070] MEDICINA LEGALE,A5810070,2,0,0.0,1
[F0601Q] BIOLOGIA,[F0802Q054] METODOLOGIE BIOINFORMATICHE,F0802Q054,1,0,0.0,2
[F0601Q] BIOLOGIA,[F7501Q082] BIODIVERSITÀ E CONSERVAZIONE,F7501Q082,1,0,0.0,3
[F0601Q] BIOLOGIA,[F0601Q061] PATOLOGIE DEL METABOLISMO,F0601Q061,14,4,0.285714285714286,4
[F0601Q] BIOLOGIA,[F0802Q064] NEUROBIOCHIMICA,F0802Q064,3,1,0.333333333333333,5
[F0601Q] BIOLOGIA,[F0601Q073] CITOGENETICA,F0601Q073,65,25,0.384615384615385,6
[F0601Q] BIOLOGIA,[F0601Q077] BIOSTATISTICA,F0601Q077,90,42,0.466666666666667,7
[F0601Q] BIOLOGIA,[F0802Q038] GENETICA MOLECOLARE,F0802Q038,2,1,0.5,8
[F0601Q] BIOLOGIA,[F0601Q067] EMBRIOLOGIA,F0601Q067,60,34,0.566666666666667,9
[F0601Q] BIOLOGIA,[F0601Q055] SIMBIOSI,F0601Q055,7,4,0.571428571428571,10
[F0802Q] BIOTECNOLOGIE INDUSTRIALI,[F0802Q064] NEUROBIOCHIMICA,F0802Q064,17,5,0.294117647058824,1
[F0802Q] BIOTECNOLOGIE INDUSTRIALI,[F0802Q060] INGEGNERIA DI PROCESSO,F0802Q060,12,5,0.416666666666667,2
[F0802Q] BIOTECNOLOGIE INDUSTRIALI,[F0802Q050] NANOBIOTECNOLOGIE,F0802Q050,56,24,0.428571428571429,3
[F0802Q] BIOTECNOLOGIE INDUSTRIALI,[F0802Q043] ANALISI DI BIOMOLECOLE,F0802Q043,22,11,0.5,4
[F0802Q] BIOTECNOLOGIE INDUSTRIALI,[F0802Q059] FARMACOLOGIA APPLICATA,F0802Q059,36,18,0.5,5
[F0802Q] BIOTECNOLOGIE INDUSTRIALI,[F7501Q020] TOSSICOLOGIA AMBIENTALE,F7501Q020,2,1,0.5,6
[F0802Q] BIOTECNOLOGIE INDUSTRIALI,[F0802Q051] PROPRIETA' INTELLETTUALE,F0802Q051,86,45,0.523255813953488,7
[F0802Q] BIOTECNOLOGIE INDUSTRIALI,[F0802Q039] BIOLOGIA MOLECOLARE APPLICATA,F0802Q039,47,25,0.531914893617021,8
[F0802Q] BIOTECNOLOGIE INDUSTRIALI,[F0802Q058] INGEGNERIA METABOLICA E BIOPROCESSI DI NUOVA GENERAZIONE,F0802Q058,23,14,0.608695652173913,9
[F0802Q] BIOTECNOLOGIE INDUSTRIALI,[F0802Q041] CHIMICA ORGANICA APPLICATA ALLE BIOTECNOLOGIE,F0802Q041,82,54,0.658536585365854,10
[F0901D] BIOTECNOLOGIE MEDICHE,[F0901D043] ANALISI DEI DATI,F0901D043,18,7,0.388888888888889,1
[F0901D] BIOTECNOLOGIE MEDICHE,[F0901D029] BIOTECNOLOGIE IN DIAGNOSTICA,F0901D029,48,25,0.520833333333333,2
[F0901D] BIOTECNOLOGIE MEDICHE,[F0901D034] LA GENETICA NELLA PRATICA CLINICA,F0901D034,48,27,0.5625,3
[F0901D] BIOTECNOLOGIE MEDICHE,[F0901D039] BIOTECHNOLOGY APPLICATIONS IN THERAPY,F0901D039,39,22,0.564102564102564,4
[F0901D] BIOTECNOLOGIE MEDICHE,[F0901D036] INTERNATO LABORATORIO DI RICERCA,F0901D036,7,4,0.571428571428571,5
[F0901D] BIOTECNOLOGIE MEDICHE,[F0901D046] PROTEOMICA E METABOLOMICA,F0901D046,48,28,0.583333333333333,6
[F0901D] BIOTECNOLOGIE MEDICHE,[F0901D044] FISIOLOGIA INTEGRATA:DALLE CELLULE AI SISTEMI,F0901D044,20,12,0.6,7
[F0901D] BIOTECNOLOGIE MEDICHE,[F0901D014] TIROCINIO DI ORIENTAMENTO,F0901D014,8,5,0.625,8
[F0901D] BIOTECNOLOGIE MEDICHE,[F0901D025] BIOTECNOLOGIE MICROBICHE,F0901D025,39,27,0.692307692307692,9
[F0901D] BIOTECNOLOGIE MEDICHE,[F0901D040] GENOMICA FUNZIONALE,F0901D040,44,32,0.727272727272727,10
[F1601M] ECONOMIA E FINANZA,[F1601M055] STRATEGIE DI INVESTIMENTO,F1601M055,78,12,0.153846153846154,1
[F1601M] ECONOMIA E FINANZA,[F1601M063] ECONOMIA E FINANZA DEI MERCATI GLOBALI,F1601M063,40,8,0.2,2
[F1601M] ECONOMIA E FINANZA,[F1601M056] INFORMATICA PER LA FINANZA,F1601M056,93,32,0.344086021505376,3
[F1601M] ECONOMIA E FINANZA,[F5102P019] PSICOLOGIA DELLE CONDOTTE FINANZIARIE,F5102P019,12,5,0.416666666666667,4
[F1601M] ECONOMIA E FINANZA,[F1601M042] ULTERIORI CONOSCENZE LINGUISTICHE PER LA FINANZA - INGLESE,F1601M042,106,56,0.528301886792453,5
[F1601M] ECONOMIA E FINANZA,[F1601M044] ULTERIORI CONOSCENZE LINGUISTICHE PER LA FINANZA - SPAGNOLO,F1601M044,7,4,0.571428571428571,6
[F1601M] ECONOMIA E FINANZA,[F1601M065] METODI QUANTITATIVI PER LE ASSICURAZIONI,F1601M065,26,17,0.653846153846154,7
[F1601M] ECONOMIA E FINANZA,[F1601M062] RISCHI ASSICURATIVI,F1601M062,12,8,0.666666666666667,8
[F1601M] ECONOMIA E FINANZA,[F1601M069] CULTURA STORICA GIURIDICA E LINGUISTICA TEDESCA,F1601M069,3,2,0.666666666666667,9
[F1601M] ECONOMIA E FINANZA,[F1601M058] DIRITTO DEI MERCATI FINANZIARI,F1601M058,81,55,0.679012345679012,10
[F1701Q] FISICA,[F1701Q104] METODI SPERIMENTALI IN FISICA DELLE ALTE ENERGIE,F1701Q104,1,0,0.0,1
[F1701Q] FISICA,[F4001Q094] METODI MATEMATICI PER L?ANALISI ECONOMICA ? CONTROLLO OTTIMO,F4001Q094,1,0,0.0,2
[F1701Q] FISICA,[F1701Q106] RADIOATTIVITA',F1701Q106,5,2,0.4,3
[F1701Q] FISICA,[F1701Q118] FISICA DEI SEMICONDUTTORI,F1701Q118,11,5,0.454545454545455,4
[F1701Q] FISICA,[F1701Q094] ENERGETICA,F1701Q094,19,9,0.473684210526316,5
[F1701Q] FISICA,[F0601Q054] FISIOLOGIA CELLULARE,F0601Q054,2,1,0.5,6
[F1701Q] FISICA,[F0601Q062] NEUROSCIENZE,F0601Q062,2,1,0.5,7
[F1701Q] FISICA,[F1701Q082] TEORIA DELLA MATERIA CONDENSATA II,F1701Q082,2,1,0.5,8
[F1701Q] FISICA,[F1701Q126] APPLICAZIONI DELLA FISICA ALLA MEDICINA,F1701Q126,2,1,0.5,9
[F1701Q] FISICA,[F1701Q127] MICROSCOPIA OTTICA,F1701Q127,4,2,0.5,10
[F1801Q] INFORMATICA,[F1801Q103] SISTEMI INFORMATIVI,F1801Q103,11,5,0.454545454545455,1
[F1801Q] INFORMATICA,[F1801Q126] LABORATORIO DI INTERACTION DESIGN,F1801Q126,8,4,0.5,2
[F1801Q] INFORMATICA,[F1801Q122] TEORIA DELL'INFORMAZIONE E CRITTOGRAFIA,F1801Q122,23,12,0.521739130434783,3
[F1801Q] INFORMATICA,[F1801Q106] INTELLIGENZA ARTIFICIALE,F1801Q106,16,9,0.5625,4
[F1801Q] INFORMATICA,[F1801Q132] MODELLI E COMPUTAZIONE,F1801Q132,137,78,0.569343065693431,5
[F1801Q] INFORMATICA,[F1801Q120] INFORMATICA GRAFICA,F1801Q120,19,11,0.578947368421053,6
[F1801Q] INFORMATICA,[F1801Q104] DATA ANALYTICS,F1801Q104,24,14,0.583333333333333,7
[F1801Q] INFORMATICA,[F1801Q134] APPRENDIMENTO AUTOMATICO,F1801Q134,106,62,0.584905660377358,8
[F1801Q] INFORMATICA,[F1801Q117] SISTEMI DI CALCOLO PARALLELO,F1801Q117,5,3,0.6,9
[F1801Q] INFORMATICA,[F1801Q110] INFORMATION RETRIEVAL,F1801Q110,43,27,0.627906976744186,10
[F4001Q] MATEMATICA,[F4001Q056] CALCOLO DELLE VARIAZIONI,F4001Q056,2,0,0.0,1
[F4001Q] MATEMATICA,[F4001Q094] METODI MATEMATICI PER L?ANALISI ECONOMICA ? CONTROLLO OTTIMO,F4001Q094,13,6,0.461538461538462,2
[F4001Q] MATEMATICA,[F4001Q071] GEOMETRIA DIFFERENZIALE,F4001Q071,4,2,0.5,3
[F4001Q] MATEMATICA,[F4001Q074] ANALISI ARMONICA,F4001Q074,10,5,0.5,4
[F4001Q] MATEMATICA,[F4001Q098] GEOMETRIA SIMPLETTICA,F4001Q098,2,1,0.5,5
[F4001Q] MATEMATICA,[F4001Q084] MATEMATICA ELEMENTARE,F4001Q084,9,5,0.555555555555556,6
[F4001Q] MATEMATICA,[F4001Q095] METODI MATEMATICI PER L?ANALISI ECONOMICA ? OTTIMIZZAZIONE E ANALISI CONVESSA,F4001Q095,5,3,0.6,7
[F4001Q] MATEMATICA,[F4001Q099] GEOMETRIA SIMPLETTICA,F4001Q099,15,9,0.6,8
[F4001Q] MATEMATICA,[F4001Q063] METODI DELLA FISICA MATEMATICA,F4001Q063,8,5,0.625,9
[F4001Q] MATEMATICA,[F4001Q083] ARGOMENTI DI GEOMETRIA E TOPOLOGIA,F4001Q083,11,7,0.636363636363636,10
"[F4901N] TURISMO, TERRITORIO E SVILUPPO LOCALE",[F4901N009] GEOGRAFIA,F4901N009,86,44,0.511627906976744,1
"[F4901N] TURISMO, TERRITORIO E SVILUPPO LOCALE",[F4901N015] RELAZIONI INTERCULTURALI,F4901N015,13,8,0.615384615384615,2
"[F4901N] TURISMO, TERRITORIO E SVILUPPO LOCALE",[F4901N001] INGLESE PER IL TURISMO,F4901N001,45,28,0.622222222222222,3
"[F4901N] TURISMO, TERRITORIO E SVILUPPO LOCALE",[F4901N071] METODI QUANTITATIVI E QUALITATIVI DELLA RICERCA SOCIALE,F4901N071,46,32,0.695652173913043,4
"[F4901N] TURISMO, TERRITORIO E SVILUPPO LOCALE",[F4901N004] STORIA DELLE POLITICHE CULTURALI,F4901N004,49,35,0.714285714285714,5
"[F4901N] TURISMO, TERRITORIO E SVILUPPO LOCALE",[F4901N003] COMUNICAZIONE PER IL TURISMO,F4901N003,21,16,0.761904761904762,6
"[F4901N] TURISMO, TERRITORIO E SVILUPPO LOCALE",[F4901N070] DEMOGRAFIA INTERNAZIONALE,F4901N070,59,46,0.779661016949153,7
"[F4901N] TURISMO, TERRITORIO E SVILUPPO LOCALE",[F4901N074] GEOGRAFIA DEGLI SPAZI EXTRAEUROPEI,F4901N074,11,9,0.818181818181818,8
"[F4901N] TURISMO, TERRITORIO E SVILUPPO LOCALE",[F4901N075] ECOLOGIA,F4901N075,13,11,0.846153846153846,9
"[F4901N] TURISMO, TERRITORIO E SVILUPPO LOCALE",[F4901N076] MANAGEMENT PER LE IMPRESE TURISTICHE,F4901N076,19,17,0.894736842105263,10
"[F5101P] PSICOLOGIA CLINICA, DELLO SVILUPPO E NEUROPSICOLOGIA",[F5103P072] TECNICHE STATISTICHE PER L'ANALISI DEL CAMBIAMENTO,F5103P072,2,1,0.5,1
"[F5101P] PSICOLOGIA CLINICA, DELLO SVILUPPO E NEUROPSICOLOGIA",[F5104P006] COMPITI EVOLUTIVI E CLINICA DELL'ADOLESCENTE E DEL GIOVANE ADULTO,F5104P006,2,1,0.5,2
"[F5101P] PSICOLOGIA CLINICA, DELLO SVILUPPO E NEUROPSICOLOGIA",[F5104P011] METODI NEURO-FUNZIONALI IN NEUROPSICOLOGIA E PSICOLOGIA CLINICA,F5104P011,2,1,0.5,3
"[F5101P] PSICOLOGIA CLINICA, DELLO SVILUPPO E NEUROPSICOLOGIA",[F5101P139] PSICOLOGIA DELLA SALUTE E INTERVENTI CLINICI IN AMBITO SANITARIO,F5101P139,194,116,0.597938144329897,4
"[F5101P] PSICOLOGIA CLINICA, DELLO SVILUPPO E NEUROPSICOLOGIA",[F5101P137] NORMALITA' E PATOLOGIA NELLE RELAZIONI FAMILIARI,F5101P137,185,126,0.681081081081081,5
"[F5101P] PSICOLOGIA CLINICA, DELLO SVILUPPO E NEUROPSICOLOGIA",[F5102P015] PSICOLOGIA DELLE INFLUENZE SOCIALI,F5102P015,4,3,0.75,6
"[F5101P] PSICOLOGIA CLINICA, DELLO SVILUPPO E NEUROPSICOLOGIA",[F5101P121] NEUROPSICOLOGIA DELLO SVILUPPO,F5101P121,78,60,0.769230769230769,7
"[F5101P] PSICOLOGIA CLINICA, DELLO SVILUPPO E NEUROPSICOLOGIA",[F5101P126] PSICOBIOLOGIA DEL CICLO DI VITA,F5101P126,244,210,0.860655737704918,8
"[F5101P] PSICOLOGIA CLINICA, DELLO SVILUPPO E NEUROPSICOLOGIA",[F5101P138] DALLA DIAGNOSI ALLA INDICAZIONE DEL TRATTAMENTO,F5101P138,35,31,0.885714285714286,9
"[F5101P] PSICOLOGIA CLINICA, DELLO SVILUPPO E NEUROPSICOLOGIA",[F5101P140] PSICOLOGIA E PSICOPATOLOGIA DELLO SVILUPPO DEL LINGUAGGIO,F5101P140,23,21,0.91304347826087,10
"[F5102P] PSICOLOGIA DEI PROCESSI SOCIALI, DECISIONALI E DEI COMPORTAMENTI ECONOMICI",[F5104P001] ANALISI MULTIVARIATA DEI DATI,F5104P001,1,0,0.0,1
"[F5102P] PSICOLOGIA DEI PROCESSI SOCIALI, DECISIONALI E DEI COMPORTAMENTI ECONOMICI",[F5102P017] PSICOLOGIA DEI CONSUMI,F5102P017,96,44,0.458333333333333,2
"[F5102P] PSICOLOGIA DEI PROCESSI SOCIALI, DECISIONALI E DEI COMPORTAMENTI ECONOMICI",[F5701R002] METODOLOGIA DELLA FORMAZIONE,F5701R002,2,1,0.5,3
"[F5102P] PSICOLOGIA DEI PROCESSI SOCIALI, DECISIONALI E DEI COMPORTAMENTI ECONOMICI",[F5102P005] PSICOLOGIA DEL PENSIERO E DEI PROCESSI DECISIONALI: CORSO AVANZATO,F5102P005,129,67,0.51937984496124,4
"[F5102P] PSICOLOGIA DEI PROCESSI SOCIALI, DECISIONALI E DEI COMPORTAMENTI ECONOMICI",[F5102P003] METODOLOGIE QUALITATIVE,F5102P003,80,45,0.5625,5
"[F5102P] PSICOLOGIA DEI PROCESSI SOCIALI, DECISIONALI E DEI COMPORTAMENTI ECONOMICI",[F5102P014] PROCESSI MOTIVAZIONALI E DECISION MAKING,F5102P014,32,18,0.5625,6
"[F5102P] PSICOLOGIA DEI PROCESSI SOCIALI, DECISIONALI E DEI COMPORTAMENTI ECONOMICI",[F5102P094] PSICOLOGIA SOCIALE DELLA RELIGIONE,F5102P094,10,6,0.6,7
"[F5102P] PSICOLOGIA DEI PROCESSI SOCIALI, DECISIONALI E DEI COMPORTAMENTI ECONOMICI","[F5102P002] CONSULENZA, INTERVENTO, E SVILUPPO ORGANIZZATIVO",F5102P002,117,71,0.606837606837607,8
"[F5102P] PSICOLOGIA DEI PROCESSI SOCIALI, DECISIONALI E DEI COMPORTAMENTI ECONOMICI",[F5102P006] METODOLOGIE QUANTITATIVE,F5102P006,134,88,0.656716417910448,9
"[F5102P] PSICOLOGIA DEI PROCESSI SOCIALI, DECISIONALI E DEI COMPORTAMENTI ECONOMICI",[F5102P012] COMUNICAZIONE NELLE ORGANIZZAZIONE E COMUNICAZIONE SOCIALE,F5102P012,98,66,0.673469387755102,10
[F5103P] PSICOLOGIA DELLO SVILUPPO E DEI PROCESSI EDUCATIVI,[F5101P137] NORMALITA' E PATOLOGIA NELLE RELAZIONI FAMILIARI,F5101P137,1,0,0.0,1
[F5103P] PSICOLOGIA DELLO SVILUPPO E DEI PROCESSI EDUCATIVI,[F5104P002] NEUROPSICOLOGIA DELL'ADULTO E DELL'ANZIANO,F5104P002,1,0,0.0,2
[F5103P] PSICOLOGIA DELLO SVILUPPO E DEI PROCESSI EDUCATIVI,[F5103P009] PSICODINAMICA E ASSESSMENT DELLA GENITORIALITA',F5103P009,28,10,0.357142857142857,3
[F5103P] PSICOLOGIA DELLO SVILUPPO E DEI PROCESSI EDUCATIVI,[F5103P078] PSICHIATRIA E NEUROPSICHIATRIA INFANTILE,F5103P078,23,11,0.478260869565217,4
[F5103P] PSICOLOGIA DELLO SVILUPPO E DEI PROCESSI EDUCATIVI,[F5101P139] PSICOLOGIA DELLA SALUTE E INTERVENTI CLINICI IN AMBITO SANITARIO,F5101P139,12,6,0.5,5
[F5103P] PSICOLOGIA DELLO SVILUPPO E DEI PROCESSI EDUCATIVI,[F5104P006] COMPITI EVOLUTIVI E CLINICA DELL'ADOLESCENTE E DEL GIOVANE ADULTO,F5104P006,10,5,0.5,6
[F5103P] PSICOLOGIA DELLO SVILUPPO E DEI PROCESSI EDUCATIVI,[F5103P072] TECNICHE STATISTICHE PER L'ANALISI DEL CAMBIAMENTO,F5103P072,152,81,0.532894736842105,7
[F5103P] PSICOLOGIA DELLO SVILUPPO E DEI PROCESSI EDUCATIVI,[F5103P005] PSICOLOGIA DELLO SVILUPPO SOCIO-AFFETTIVO,F5103P005,102,68,0.666666666666667,8
[F5103P] PSICOLOGIA DELLO SVILUPPO E DEI PROCESSI EDUCATIVI,[F5103P003] PSICOLOGIA DELLO SVILUPPO COGNITIVO,F5103P003,109,76,0.697247706422018,9
[F5103P] PSICOLOGIA DELLO SVILUPPO E DEI PROCESSI EDUCATIVI,[F5103P065] PSICOLOGIA SOCIALE DEI CONTESTI EDUCATIVI,F5103P065,20,15,0.75,10
[F5104P] PSICOLOGIA CLINICA E NEUROPSICOLOGIA NEL CICLO DI VITA,[F5103P062] ECOLOGIA DELLO SVILUPPO,F5103P062,1,0,0.0,1
[F5104P] PSICOLOGIA CLINICA E NEUROPSICOLOGIA NEL CICLO DI VITA,[F5102P094] PSICOLOGIA SOCIALE DELLA RELIGIONE,F5102P094,2,1,0.5,2
[F5104P] PSICOLOGIA CLINICA E NEUROPSICOLOGIA NEL CICLO DI VITA,[F5104P010] PSICHIATRIA E NEUROPSICHIATRIA INFANTILE,F5104P010,55,29,0.527272727272727,3
[F5104P] PSICOLOGIA CLINICA E NEUROPSICOLOGIA NEL CICLO DI VITA,[F5104P005] PSICOLOGIA CLINICA,F5104P005,214,123,0.574766355140187,4
[F5104P] PSICOLOGIA CLINICA E NEUROPSICOLOGIA NEL CICLO DI VITA,[F5104P003] ORIGINI E SVILUPPO DELLA MENTE UMANA,F5104P003,296,172,0.581081081081081,5
[F5104P] PSICOLOGIA CLINICA E NEUROPSICOLOGIA NEL CICLO DI VITA,[F5104P001] ANALISI MULTIVARIATA DEI DATI,F5104P001,249,168,0.674698795180723,6
[F5104P] PSICOLOGIA CLINICA E NEUROPSICOLOGIA NEL CICLO DI VITA,[F5104P002] NEUROPSICOLOGIA DELL'ADULTO E DELL'ANZIANO,F5104P002,287,197,0.686411149825784,7
[F5104P] PSICOLOGIA CLINICA E NEUROPSICOLOGIA NEL CICLO DI VITA,[F5104P004] PSICODIAGNOSTICA CLINICA,F5104P004,242,181,0.747933884297521,8
[F5104P] PSICOLOGIA CLINICA E NEUROPSICOLOGIA NEL CICLO DI VITA,[F5104P011] METODI NEURO-FUNZIONALI IN NEUROPSICOLOGIA E PSICOLOGIA CLINICA,F5104P011,41,31,0.75609756097561,9
[F5104P] PSICOLOGIA CLINICA E NEUROPSICOLOGIA NEL CICLO DI VITA,[F5104P012] NEUROLINGUISTICA,F5104P012,38,29,0.763157894736842,10
[F5301Q] SCIENZA DEI MATERIALI,[F5301Q035] SUPERFICI E INTERFACCE,F5301Q035,2,0,0.0,1
[F5301Q] SCIENZA DEI MATERIALI,[F5301Q001] FISICA DELLO STATO SOLIDO,F5301Q001,16,2,0.125,2
[F5301Q] SCIENZA DEI MATERIALI,[F5301Q028] ELETTRONICA E FOTONICA MOLECOLARE,F5301Q028,4,1,0.25,3
[F5301Q] SCIENZA DEI MATERIALI,[F5301Q011] INTERAZIONE RADIAZIONE IONIZZANTE-MATERIA,F5301Q011,3,1,0.333333333333333,4
[F5301Q] SCIENZA DEI MATERIALI,[F5301Q024] TERMODINAMICA E CINETICA DEI MATERIALI,F5301Q024,36,18,0.5,5
[F5301Q] SCIENZA DEI MATERIALI,[F5301Q030] CHIMICA DEI MATERIALI INORGANICI,F5301Q030,9,5,0.555555555555556,6
[F5301Q] SCIENZA DEI MATERIALI,[F5301Q008] ANALISI FUNZIONALE,F5301Q008,26,17,0.653846153846154,7
[F5301Q] SCIENZA DEI MATERIALI,[F5401Q054] CHIMICA DELLE FORMULAZIONI,F5401Q054,3,2,0.666666666666667,8
[F5301Q] SCIENZA DEI MATERIALI,[F5301Q015] CHIMICA E TECNOLOGIA DEI POLIMERI,F5301Q015,7,5,0.714285714285714,9
[F5301Q] SCIENZA DEI MATERIALI,[F5301Q032] NANOTECNOLOGIE,F5301Q032,14,10,0.714285714285714,10
[F5401Q] SCIENZE E TECNOLOGIE CHIMICHE,[F0601Q058] BIODIVERSITA' VEGETALE,F0601Q058,7,0,0.0,1
[F5401Q] SCIENZE E TECNOLOGIE CHIMICHE,[F5401Q053] TERMODINAMICA DI NON EQUILIBRIO,F5401Q053,3,1,0.333333333333333,2
[F5401Q] SCIENZE E TECNOLOGIE CHIMICHE,[F5401Q044] ANALISI DI BIOMOLECOLE,F5401Q044,13,6,0.461538461538462,3
[F5401Q] SCIENZE E TECNOLOGIE CHIMICHE,[F5401Q054] CHIMICA DELLE FORMULAZIONI,F5401Q054,21,10,0.476190476190476,4
[F5401Q] SCIENZE E TECNOLOGIE CHIMICHE,[F5401Q027] CHIMICA FISICA SUPERIORE,F5401Q027,45,22,0.488888888888889,5
[F5401Q] SCIENZE E TECNOLOGIE CHIMICHE,[F5401Q026] MODELLISTICA MOLECOLARE,F5401Q026,22,11,0.5,6
[F5401Q] SCIENZE E TECNOLOGIE CHIMICHE,[F5401Q019] CHIMICA ORGANICA SUPERIORE,F5401Q019,32,19,0.59375,7
[F5401Q] SCIENZE E TECNOLOGIE CHIMICHE,[F5401Q018] CHEMIOMETRIA,F5401Q018,45,28,0.622222222222222,8
[F5401Q] SCIENZE E TECNOLOGIE CHIMICHE,[F5401Q024] METODOLOGIE MODERNE DI SINTESI ORGANICA E ORGANOMETALLICA,F5401Q024,15,10,0.666666666666667,9
[F5401Q] SCIENZE E TECNOLOGIE CHIMICHE,[F5401Q017] CHIMICA DI COORDINAZIONE E METALLORGANICA,F5401Q017,38,27,0.710526315789474,10
[F5602M] INTERNATIONAL ECONOMICS - ECONOMIA INTERNAZIONALE,[F5602M004] GLOBAL MACROECONOMICS,F5602M004,28,3,0.107142857142857,1
[F5602M] INTERNATIONAL ECONOMICS - ECONOMIA INTERNAZIONALE,[F5602M001] MATHEMATICAL METHODS AND PROGRAMMIG,F5602M001,31,20,0.645161290322581,2
[F5602M] INTERNATIONAL ECONOMICS - ECONOMIA INTERNAZIONALE,[F5602M016] LABOUR MARKETS,F5602M016,9,6,0.666666666666667,3
[F5602M] INTERNATIONAL ECONOMICS - ECONOMIA INTERNAZIONALE,[F5602M008] FOUNDATIONS OF INTERNATIONAL ECONOMIC LAW,F5602M008,36,25,0.694444444444444,4
[F5602M] INTERNATIONAL ECONOMICS - ECONOMIA INTERNAZIONALE,[F5602M003] MICROECONOMICS OF GLOBAL MARKETS,F5602M003,38,27,0.710526315789474,5
[F5602M] INTERNATIONAL ECONOMICS - ECONOMIA INTERNAZIONALE,[F5602M014] INDUSTRIAL ORGANIZATION,F5602M014,19,14,0.736842105263158,6
[F5602M] INTERNATIONAL ECONOMICS - ECONOMIA INTERNAZIONALE,[F5602M012] PRINCIPLES OF CORPORATE FINANCE,F5602M012,35,26,0.742857142857143,7
[F5602M] INTERNATIONAL ECONOMICS - ECONOMIA INTERNAZIONALE,[F5602M007] DEVELOPMENT ECONOMICS,F5602M007,36,28,0.777777777777778,8
[F5602M] INTERNATIONAL ECONOMICS - ECONOMIA INTERNAZIONALE,[F5602M002] QUANTITATIVE METHODS,F5602M002,25,23,0.92,9
[F5602M] INTERNATIONAL ECONOMICS - ECONOMIA INTERNAZIONALE,[F5602M015] THE ECONOMICS AND HISTORY OF EUROPEAN INTEGRATION,F5602M015,14,13,0.928571428571429,10
[F5701R] FORMAZIONE E SVILUPPO DELLE RISORSE UMANE,[F0101R008] ANTROPOLOGIA DEI PROCESSI MIGRATORI,F0101R008,1,0,0.0,1
[F5701R] FORMAZIONE E SVILUPPO DELLE RISORSE UMANE,[F5102P017] PSICOLOGIA DEI CONSUMI,F5102P017,2,0,0.0,2
[F5701R] FORMAZIONE E SVILUPPO DELLE RISORSE UMANE,[F8501R024] FILOSOFIA DELLA MENTE E TEORIA DEGLI AFFETTI,F8501R024,1,0,0.0,3
[F5701R] FORMAZIONE E SVILUPPO DELLE RISORSE UMANE,[F9201P203] WEB MARKETING,F9201P203,1,0,0.0,4
[F5701R] FORMAZIONE E SVILUPPO DELLE RISORSE UMANE,[F5102P022] INTERVENTO PSICOSOCIALE DI PROMOZIONE DEL BENESSERE,F5102P022,2,1,0.5,5
[F5701R] FORMAZIONE E SVILUPPO DELLE RISORSE UMANE,[F9201P201] ELEMENTI DI INFORMATICA,F9201P201,2,1,0.5,6
[F5701R] FORMAZIONE E SVILUPPO DELLE RISORSE UMANE,[F5701R009] CAMBIAMENTO ORGANIZZATIVO,F5701R009,179,104,0.581005586592179,7
[F5701R] FORMAZIONE E SVILUPPO DELLE RISORSE UMANE,[F5701R003] TECNOLOGIE DELLA FORMAZIONE,F5701R003,129,81,0.627906976744186,8
[F5701R] FORMAZIONE E SVILUPPO DELLE RISORSE UMANE,[F5701R002] METODOLOGIA DELLA FORMAZIONE,F5701R002,174,110,0.632183908045977,9
[F5701R] FORMAZIONE E SVILUPPO DELLE RISORSE UMANE,[A5810128] DIRITTO DEL LAVORO,A5810128,3,2,0.666666666666667,10
[F5801Q] ASTROFISICA E FISICA DELLO SPAZIO,[F1701Q130] LABORATORIO DI STATO SOLIDO ED ELETTRONICA II,F1701Q130,1,0,0.0,1
[F5801Q] ASTROFISICA E FISICA DELLO SPAZIO,[F5801Q020] RAGGI COSMICI,F5801Q020,1,0,0.0,2
[F5801Q] ASTROFISICA E FISICA DELLO SPAZIO,[F5801Q023] LABORATORIO DI ASTROFISICA,F5801Q023,11,5,0.454545454545455,3
[F5801Q] ASTROFISICA E FISICA DELLO SPAZIO,[F1701Q129] LABORATORIO DI STATO SOLIDO ED ELETTRONICA I,F1701Q129,2,1,0.5,4
[F5801Q] ASTROFISICA E FISICA DELLO SPAZIO,[F5801Q019] STRUMENTAZIONE ASTRONOMICA,F5801Q019,2,1,0.5,5
[F5801Q] ASTROFISICA E FISICA DELLO SPAZIO,[F5801Q045] COSMOLOGIA,F5801Q045,10,5,0.5,6
[F5801Q] ASTROFISICA E FISICA DELLO SPAZIO,[F8501R031] EPISTEMOLOGIA,F8501R031,3,2,0.666666666666667,7
[F5801Q] ASTROFISICA E FISICA DELLO SPAZIO,[F5801Q046] ASTROFISICA RELATIVISTICA,F5801Q046,11,9,0.818181818181818,8
[F5801Q] ASTROFISICA E FISICA DELLO SPAZIO,[F5801Q044] ASTROFISICA APPLICATA,F5801Q044,6,5,0.833333333333333,9
[F5801Q] ASTROFISICA E FISICA DELLO SPAZIO,[F5801Q018] ASTRONOMIA EXTRAGALATTICA,F5801Q018,10,9,0.9,10
[F6302N] MANAGEMENT E DESIGN DEI SERVIZI,[F6302N012] SISTEMI INFORMATIVI,F6302N012,1,0,0.0,1
[F6302N] MANAGEMENT E DESIGN DEI SERVIZI,[F7702M043] STORIA DELL'IMPRESA,F7702M043,4,0,0.0,2
[F6302N] MANAGEMENT E DESIGN DEI SERVIZI,[A5810032] SOCIOLOGIA DEL DIRITTO,A5810032,3,1,0.333333333333333,3
[F6302N] MANAGEMENT E DESIGN DEI SERVIZI,[F5102P014] PROCESSI MOTIVAZIONALI E DECISION MAKING,F5102P014,13,6,0.461538461538462,4
[F6302N] MANAGEMENT E DESIGN DEI SERVIZI,[F8801N045] GENERI E GENERAZIONI,F8801N045,2,1,0.5,5
[F6302N] MANAGEMENT E DESIGN DEI SERVIZI,[F6302N001] CAMBIAMENTO ORGANIZZATIVO,F6302N001,121,80,0.661157024793388,6
[F6302N] MANAGEMENT E DESIGN DEI SERVIZI,[F7601M012] STORIA ECONOMICA DEL TURISMO,F7601M012,3,2,0.666666666666667,7
[F6302N] MANAGEMENT E DESIGN DEI SERVIZI,[F6302N022] DIRITTO DEI CONSUMATORI,F6302N022,76,58,0.763157894736842,8
[F6302N] MANAGEMENT E DESIGN DEI SERVIZI,[F6302N006] ECONOMIA PUBBLICA E DEI SERVIZI,F6302N006,84,66,0.785714285714286,9
[F6302N] MANAGEMENT E DESIGN DEI SERVIZI,[F6302N014] DIRITTO AMMINISTRATIVO EUROPEO,F6302N014,38,30,0.789473684210526,10
[F7401Q] SCIENZE E TECNOLOGIE GEOLOGICHE,[F7401Q080] PETROGENESI DEGLI AMBIENTI GEODINAMICI,F7401Q080,1,0,0.0,1
[F7401Q] SCIENZE E TECNOLOGIE GEOLOGICHE,[F7502Q011] MARINE INVERTEBRATE ZOOLOGY,F7502Q011,2,0,0.0,2
[F7401Q] SCIENZE E TECNOLOGIE GEOLOGICHE,[F7401Q078] GEOENERGIA,F7401Q078,3,1,0.333333333333333,3
[F7401Q] SCIENZE E TECNOLOGIE GEOLOGICHE,[F7501Q004] VALUTAZIONE IMPATTO AMBIENTALE,F7501Q004,3,1,0.333333333333333,4
[F7401Q] SCIENZE E TECNOLOGIE GEOLOGICHE,[F7401Q082] BIOFACIES,F7401Q082,5,2,0.4,5
[F7401Q] SCIENZE E TECNOLOGIE GEOLOGICHE,[F7401Q065] VALUTAZIONE DEI RISCHI GEOLOGICI,F7401Q065,22,11,0.5,6
[F7401Q] SCIENZE E TECNOLOGIE GEOLOGICHE,[F7401Q089] METODI DI INDAGINE GEOLOGICO-TECNICA,F7401Q089,2,1,0.5,7
[F7401Q] SCIENZE E TECNOLOGIE GEOLOGICHE,[F7401Q094] IDROGEOLOGIA GENERALE,F7401Q094,2,1,0.5,8
[F7401Q] SCIENZE E TECNOLOGIE GEOLOGICHE,[F7501Q080] PROCESSI E IMPIANTI DI TRATTAMENTO E BONIFICA,F7501Q080,2,1,0.5,9
[F7401Q] SCIENZE E TECNOLOGIE GEOLOGICHE,[F7502Q006] INTERNATIONAL LAW OF THE SEA AND MARINE ENVIRONMENT PROTECTION,F7502Q006,2,1,0.5,10
[F7501Q] SCIENZE E TECNOLOGIE PER L'AMBIENTE E IL TERRITORIO,[F5301Q033] MATERIALI E DISPOSITIVI PER L'ENERGIA,F5301Q033,1,0,0.0,1
[F7501Q] SCIENZE E TECNOLOGIE PER L'AMBIENTE E IL TERRITORIO,[F7501Q004] VALUTAZIONE IMPATTO AMBIENTALE,F7501Q004,76,16,0.210526315789474,2
[F7501Q] SCIENZE E TECNOLOGIE PER L'AMBIENTE E IL TERRITORIO,[F5401Q049] CHIMICA DELLE ACQUE,F5401Q049,2,1,0.5,3
[F7501Q] SCIENZE E TECNOLOGIE PER L'AMBIENTE E IL TERRITORIO,[F7501Q085] ECOTOSSICOLOGIA,F7501Q085,28,14,0.5,4
[F7501Q] SCIENZE E TECNOLOGIE PER L'AMBIENTE E IL TERRITORIO,[F7501Q080] PROCESSI E IMPIANTI DI TRATTAMENTO E BONIFICA,F7501Q080,11,6,0.545454545454545,5
[F7501Q] SCIENZE E TECNOLOGIE PER L'AMBIENTE E IL TERRITORIO,[F7501Q046] ECOLOGIA DEL PAESAGGIO,F7501Q046,37,23,0.621621621621622,6
[F7501Q] SCIENZE E TECNOLOGIE PER L'AMBIENTE E IL TERRITORIO,[F7501Q086] INQUINAMENTO E BONIFICA DELLE ACQUE SOTTERRANEE,F7501Q086,24,16,0.666666666666667,7
[F7501Q] SCIENZE E TECNOLOGIE PER L'AMBIENTE E IL TERRITORIO,[F7501Q076] ECONOMIA DELL?AMBIENTE E DELL?ENERGIA,F7501Q076,36,26,0.722222222222222,8
[F7501Q] SCIENZE E TECNOLOGIE PER L'AMBIENTE E IL TERRITORIO,[F7501Q089] ECOLOGIA E GESTIONE DELLE ACQUE INTERNE,F7501Q089,19,14,0.736842105263158,9
[F7501Q] SCIENZE E TECNOLOGIE PER L'AMBIENTE E IL TERRITORIO,[F7501Q047] CHEMIOMETRIA,F7501Q047,4,3,0.75,10
[F7502Q] MARINE SCIENCES - SCIENZE MARINE,[F7502Q001] CHEMISTRY OF MARINE ENVIRONMENT,F7502Q001,13,6,0.461538461538462,1
[F7502Q] MARINE SCIENCES - SCIENZE MARINE,[F7502Q005] PHYSICS OF THE SEA,F7502Q005,29,19,0.655172413793103,2
[F7502Q] MARINE SCIENCES - SCIENZE MARINE,[F7502Q013] GEOBIOLOGY,F7502Q013,6,4,0.666666666666667,3
[F7502Q] MARINE SCIENCES - SCIENZE MARINE,[F7502Q021] APPLIED GEOMORPHOLOGY AND HABITAT,F7502Q021,3,2,0.666666666666667,4
[F7502Q] MARINE SCIENCES - SCIENZE MARINE,[F7502Q003] INTRODUCTION TO MARINE PHYSICAL GEOGRAPHY,F7502Q003,28,20,0.714285714285714,5
[F7502Q] MARINE SCIENCES - SCIENZE MARINE,[F7502Q004] BIODIVERSITY AND MARINE ECOLOGY,F7502Q004,20,15,0.75,6
[F7502Q] MARINE SCIENCES - SCIENZE MARINE,[F7502Q011] MARINE INVERTEBRATE ZOOLOGY,F7502Q011,8,6,0.75,7
[F7502Q] MARINE SCIENCES - SCIENZE MARINE,[F7502Q006] INTERNATIONAL LAW OF THE SEA AND MARINE ENVIRONMENT PROTECTION,F7502Q006,31,25,0.806451612903226,8
[F7502Q] MARINE SCIENCES - SCIENZE MARINE,[F7502Q016] HUMAN GEOGRAPHY OF SMALL ISLAND SYSTEMS,F7502Q016,6,5,0.833333333333333,9
[F7502Q] MARINE SCIENCES - SCIENZE MARINE,[F7502Q012] MARINE VERTEBRATE ZOOLOGY,F7502Q012,17,15,0.882352941176471,10
[F7601M] ECONOMIA DEL TURISMO,[F7601M051] STATISTICA PER IL TURISMO: MODELLI E APPLICAZIONI,F7601M051,56,11,0.196428571428571,1
[F7601M] ECONOMIA DEL TURISMO,[F7601M053] INFORMATICA E PROGRAMMAZIONE PER IL TURISMO,F7601M053,3,1,0.333333333333333,2
[F7601M] ECONOMIA DEL TURISMO,[F7601M052] PROGRAMMAZIONE ECONOMICO-TERRITORIALE E POLITICHE DEL TURISMO,F7601M052,92,34,0.369565217391304,3
[F7601M] ECONOMIA DEL TURISMO,[F7601M075] PRINCIPI DI INFERENZA PER LE APPLICAZIONI TURISTICHE,F7601M075,42,16,0.380952380952381,4
[F7601M] ECONOMIA DEL TURISMO,[F7601M058] LINGUA SPAGNOLA PER LE SCIENZE TURISTICHE,F7601M058,36,16,0.444444444444444,5
[F7601M] ECONOMIA DEL TURISMO,[F7601M064] ULTERIORI CONOSCENZE LINGUISTICHE PER IL TURISMO - FRANCESE,F7601M064,4,2,0.5,6
[F7601M] ECONOMIA DEL TURISMO,[F7601M050] DIRITTO DELL'AMBIENTE E DEI BENI CULTURALI,F7601M050,61,34,0.557377049180328,7
[F7601M] ECONOMIA DEL TURISMO,[F7601M054] MATEMATICA PER L'ECONOMIA DEI FENOMENI TURISTICI,F7601M054,34,20,0.588235294117647,8
[F7601M] ECONOMIA DEL TURISMO,[F7601M065] ULTERIORI CONOSCENZE LINGUISTICHE PER IL TURISMO - TEDESCO,F7601M065,3,2,0.666666666666667,9
[F7601M] ECONOMIA DEL TURISMO,[F7701M097] GLOBAL MANAGEMENT,F7701M097,3,2,0.666666666666667,10
[F7701M] SCIENZE ECONOMICO-AZIENDALI,[F7702M046] DIRITTO DELLE COMUNICAZIONI,F7702M046,5,2,0.4,1
[F7701M] SCIENZE ECONOMICO-AZIENDALI,[F7701M080] BILANCI DELLE SOCIETA' E DEI GRUPPI,F7701M080,290,137,0.472413793103448,2
[F7701M] SCIENZE ECONOMICO-AZIENDALI,[F7701M082] ELEMENTI DI PROGRAMMAZIONE,F7701M082,252,150,0.595238095238095,3
[F7701M] SCIENZE ECONOMICO-AZIENDALI,[F7701M002] ABILITÀ INFORMATICHE MAGISTRALE,F7701M002,260,160,0.615384615384615,4
[F7701M] SCIENZE ECONOMICO-AZIENDALI,[F7701M027] DIRITTO INDUSTRIALE PER IL MANAGEMENT,F7701M027,65,42,0.646153846153846,5
[F7701M] SCIENZE ECONOMICO-AZIENDALI,[F7701M023] DIRITTO PUBBLICO DELL'ECONOMIA PER LE SCIENZE ECON,F7701M023,23,15,0.652173913043478,6
[F7701M] SCIENZE ECONOMICO-AZIENDALI,[F7701M077] DIRITTO PENALE DELL'ECONOMIA,F7701M077,139,92,0.661870503597122,7
[F7701M] SCIENZE ECONOMICO-AZIENDALI,[F7701M071] ULTERIORI CONOSCENZE LINGUISTICHE PER LE SCIENZE ECONOMICO AZIENDALI I - FRANCESE,F7701M071,10,7,0.7,8
[F7701M] SCIENZE ECONOMICO-AZIENDALI,[F7701M052] DIRITTO FALLIMENTARE,F7701M052,138,101,0.731884057971015,9
[F7701M] SCIENZE ECONOMICO-AZIENDALI,[F7701M105] L'ATTIVITA' DEI CONTROLLI LEGALI,F7701M105,140,104,0.742857142857143,10
[F7702M] MARKETING E MERCATI GLOBALI,[F1601M055] STRATEGIE DI INVESTIMENTO,F1601M055,3,0,0.0,1
[F7702M] MARKETING E MERCATI GLOBALI,[F5701R004] SOCIOLOGIA DELL'INNOVAZIONE DI IMPRESA,F5701R004,3,0,0.0,2
[F7702M] MARKETING E MERCATI GLOBALI,[F7702M057] GLOBAL ACCOUNTING,F7702M057,230,86,0.373913043478261,3
[F7702M] MARKETING E MERCATI GLOBALI,[F5102P017] PSICOLOGIA DEI CONSUMI,F5102P017,114,49,0.429824561403509,4
[F7702M] MARKETING E MERCATI GLOBALI,[F7702M044] INDUSTRIAL ECONOMICS,F7702M044,194,96,0.494845360824742,5
[F7702M] MARKETING E MERCATI GLOBALI,[F7702M002] ABILITÀ INFORMATICHE MAGISTRALE,F7702M002,180,94,0.522222222222222,6
[F7702M] MARKETING E MERCATI GLOBALI,[F9201P203] WEB MARKETING,F9201P203,15,8,0.533333333333333,7
[F7702M] MARKETING E MERCATI GLOBALI,[F7702M023] ULTERIORI CONOSCENZE LINGUISTICHE PER IL MARKETING - INGLESE,F7702M023,118,74,0.627118644067797,8
[F7702M] MARKETING E MERCATI GLOBALI,[F7702M043] STORIA DELL'IMPRESA,F7702M043,165,105,0.636363636363636,9
[F7702M] MARKETING E MERCATI GLOBALI,[F7702M048] ANALISI QUANTITATIVE D'IMPRESA PER I MERCATI GLOBALI,F7702M048,96,68,0.708333333333333,10
[F8202B] SCIENZE STATISTICHE ED ECONOMICHE,[F8204B010] STATISTICA SPAZIALE M,F8204B010,2,1,0.5,1
[F8202B] SCIENZE STATISTICHE ED ECONOMICHE,[F8204B027] STATISTICA AZIENDALE M,F8204B027,2,1,0.5,2
[F8202B] SCIENZE STATISTICHE ED ECONOMICHE,[F8204B020] ECONOMICS FOR DATA SCIENCE M,F8204B020,1,1,1.0,3
[F8203B] BIOSTATISTICA,[F8203B016] STATISTICA SPAZIALE,F8203B016,1,0,0.0,1
[F8203B] BIOSTATISTICA,[F8203B028] MODELLI STATISTICI APPLICATI ALLE SPERIMENTAZIONI CLINICHE II,F8203B028,2,1,0.5,2
[F8203B] BIOSTATISTICA,[F8203B030] INTRODUZIONE ALL'INFERENZA STATISTICA,F8203B030,33,17,0.515151515151515,3
[F8203B] BIOSTATISTICA,[F8203B011] MODELLI STATISTICI E INFERENZA BAYESIANA,F8203B011,18,10,0.555555555555556,4
[F8203B] BIOSTATISTICA,[F8203B006] BASI DI DATI,F8203B006,34,19,0.558823529411765,5
[F8203B] BIOSTATISTICA,[F8203B005] ELEMENTI DI BIOLOGIA,F8203B005,36,23,0.638888888888889,6
[F8203B] BIOSTATISTICA,[F8203B003] INFERENZA STATISTICA,F8203B003,43,28,0.651162790697674,7
[F8203B] BIOSTATISTICA,[F8203B020] VALUTAZIONE STATISTICA DEI SISTEMI SANITARI,F8203B020,3,2,0.666666666666667,8
[F8203B] BIOSTATISTICA,[F8203B008] STATISTICAL MODELS IN EPIDEMIOLOGY,F8203B008,22,17,0.772727272727273,9
[F8203B] BIOSTATISTICA,[F8203B027] MODELLI STATISTICI APPLICATI ALLE SPERIMENTAZIONI CLINCHE I,F8203B027,27,21,0.777777777777778,10
[F8204B] SCIENZE STATISTICHE ED ECONOMICHE,[F8204B002] STATISTICA AVANZATA M,F8204B002,63,17,0.26984126984127,1
[F8204B] SCIENZE STATISTICHE ED ECONOMICHE,[F8204B024] FINANZA MATEMATICA M,F8204B024,23,10,0.434782608695652,2
[F8204B] SCIENZE STATISTICHE ED ECONOMICHE,[F8204B010] STATISTICA SPAZIALE M,F8204B010,11,5,0.454545454545455,3
[F8204B] SCIENZE STATISTICHE ED ECONOMICHE,[F8204B005] MICROECONOMIA M,F8204B005,57,26,0.456140350877193,4
[F8204B] SCIENZE STATISTICHE ED ECONOMICHE,[F8204B014] DATA MINING M,F8204B014,21,11,0.523809523809524,5
[F8204B] SCIENZE STATISTICHE ED ECONOMICHE,[F8204B015] STATISTICAL LEARNING M,F8204B015,7,4,0.571428571428571,6
[F8204B] SCIENZE STATISTICHE ED ECONOMICHE,[F8204B003] STATISTICA ECONOMICA M,F8204B003,56,34,0.607142857142857,7
[F8204B] SCIENZE STATISTICHE ED ECONOMICHE,[F8203B015] STATISTICA AMBIENTALE,F8203B015,8,5,0.625,8
[F8204B] SCIENZE STATISTICHE ED ECONOMICHE,[F8204B009] MODELLI ECONOMICI M,F8204B009,19,12,0.631578947368421,9
[F8204B] SCIENZE STATISTICHE ED ECONOMICHE,[F8204B025] MACROECONOMIA M,F8204B025,28,18,0.642857142857143,10
[F8501R] SCIENZE PEDAGOGICHE,[A5810046] CRIMINOLOGIA,A5810046,1,0,0.0,1
[F8501R] SCIENZE PEDAGOGICHE,[F0101R010] SISTEMI DI PENSIERO E STORIA DELLA MENTALITÀ,F0101R010,1,0,0.0,2
[F8501R] SCIENZE PEDAGOGICHE,[F8501R022] ORGANIZZAZIONE E GESTIONE DELLE RISORSE UMANE,F8501R022,6,2,0.333333333333333,3
[F8501R] SCIENZE PEDAGOGICHE,[F8501R001] FONDAMENTI DELLA CONSULENZA PEDAGOGICA,F8501R001,261,146,0.559386973180077,4
[F8501R] SCIENZE PEDAGOGICHE,[F8501R056] METODOLOGIA DELLA RICERCA PEDAGOGICA II CON LABORATORIO,F8501R056,208,138,0.663461538461538,5
[F8501R] SCIENZE PEDAGOGICHE,[F8501R031] EPISTEMOLOGIA,F8501R031,3,2,0.666666666666667,6
[F8501R] SCIENZE PEDAGOGICHE,[F8501R010] PEDAGOGIA DELLA DEVIANZA E DELLA MARGINALITÀ,F8501R010,65,44,0.676923076923077,7
[F8501R] SCIENZE PEDAGOGICHE,[F8501R009] PRATICHE FILOSOFICHE,F8501R009,196,133,0.678571428571429,8
[F8501R] SCIENZE PEDAGOGICHE,[F8501R024] FILOSOFIA DELLA MENTE E TEORIA DEGLI AFFETTI,F8501R024,31,22,0.709677419354839,9
[F8501R] SCIENZE PEDAGOGICHE,[F8501R008] POLITICHE SOCIALI II,F8501R008,175,125,0.714285714285714,10
[F8701N] PROGRAMMAZIONE E GESTIONE DELLE POLITICHE E  DEI SERVIZI SOCIALI,[F0101R013] ANTROPOLOGIA MEDICA,F0101R013,1,0,0.0,1
[F8701N] PROGRAMMAZIONE E GESTIONE DELLE POLITICHE E  DEI SERVIZI SOCIALI,[F8701N013] SOCIETA' EUROPEE COMPARATE,F8701N013,1,0,0.0,2
[F8701N] PROGRAMMAZIONE E GESTIONE DELLE POLITICHE E  DEI SERVIZI SOCIALI,[F8701N044] LA PROGRAMMAZIONE SOCIALE,F8701N044,6,3,0.5,3
[F8701N] PROGRAMMAZIONE E GESTIONE DELLE POLITICHE E  DEI SERVIZI SOCIALI,[F8701N008] DIRITTO DEGLI STRANIERI,F8701N008,46,34,0.739130434782609,4
[F8701N] PROGRAMMAZIONE E GESTIONE DELLE POLITICHE E  DEI SERVIZI SOCIALI,[F8701N006] COOPERAZIONE E TUTELA DEI DIRITTI UMANI,F8701N006,44,33,0.75,5
[F8701N] PROGRAMMAZIONE E GESTIONE DELLE POLITICHE E  DEI SERVIZI SOCIALI,[F8701N035] LE FORME DELLA MEDIAZIONE,F8701N035,38,30,0.789473684210526,6
[F8701N] PROGRAMMAZIONE E GESTIONE DELLE POLITICHE E  DEI SERVIZI SOCIALI,[F8701N039] PIANIFICAZIONE E GESTIONE DEI PROGETTI,F8701N039,54,45,0.833333333333333,7
[F8701N] PROGRAMMAZIONE E GESTIONE DELLE POLITICHE E  DEI SERVIZI SOCIALI,[F8701N036] GLOBALIZZAZIONE E SVILUPPO LOCALE,F8701N036,48,41,0.854166666666667,8
[F8701N] PROGRAMMAZIONE E GESTIONE DELLE POLITICHE E  DEI SERVIZI SOCIALI,[F8701N040] RELAZIONI INTERCULTURALI,F8701N040,25,23,0.92,9
[F8701N] PROGRAMMAZIONE E GESTIONE DELLE POLITICHE E  DEI SERVIZI SOCIALI,"[F8701N002] PLURALISMO GIURIDICO, PLURALISMO CULTURALE",F8701N002,57,53,0.929824561403509,10
[F8801N] SOCIOLOGIA,[F8701N035] LE FORME DELLA MEDIAZIONE,F8701N035,2,1,0.5,1
[F8801N] SOCIOLOGIA,[F8801N041] GOVERNANCE E SISTEMI LOCALI DI WELFARE,F8801N041,24,15,0.625,2
[F8801N] SOCIOLOGIA,[F8501R022] ORGANIZZAZIONE E GESTIONE DELLE RISORSE UMANE,F8501R022,3,2,0.666666666666667,3
[F8801N] SOCIOLOGIA,[F8801N043] SOCIOLOGIA DEI PROCESSI ORGANIZZATIVI,F8801N043,4,3,0.75,4
[F8801N] SOCIOLOGIA,[F8801N003] DIRITTI E CITTADINANZA EUROPEA,F8801N003,15,12,0.8,5
[F8801N] SOCIOLOGIA,[F8801N042] GEOGRAFIA POLITICA,F8801N042,24,20,0.833333333333333,6
[F8801N] SOCIOLOGIA,[F8801N038] COESIONE SOCIALE,F8801N038,28,25,0.892857142857143,7
[F8801N] SOCIOLOGIA,[F8801N045] GENERI E GENERAZIONI,F8801N045,11,10,0.909090909090909,8
[F8801N] SOCIOLOGIA,[A5810046] CRIMINOLOGIA,A5810046,2,2,1.0,9
[F8801N] SOCIOLOGIA,[F0101R004] ANTROPOLOGIA DELLE RELIGIONI,F0101R004,1,1,1.0,10
[F9201P] TEORIA E TECNOLOGIA DELLA COMUNICAZIONE,[F9201P037] INFORMATICA GRAFICA,F9201P037,1,0,0.0,1
[F9201P] TEORIA E TECNOLOGIA DELLA COMUNICAZIONE,[F9201P200] COMUNICAZIONE DIGITALE,F9201P200,51,17,0.333333333333333,2
[F9201P] TEORIA E TECNOLOGIA DELLA COMUNICAZIONE,[F9201P204] ELABORAZIONE DI DATI MULTIMEDIALI,F9201P204,15,5,0.333333333333333,3
[F9201P] TEORIA E TECNOLOGIA DELLA COMUNICAZIONE,[F9201P033] INTELLIGENZA ARTIFICIALE,F9201P033,12,5,0.416666666666667,4
[F9201P] TEORIA E TECNOLOGIA DELLA COMUNICAZIONE,[F9201P009] PSICOLOGIA DEI CONSUMI,F9201P009,52,23,0.442307692307692,5
[F9201P] TEORIA E TECNOLOGIA DELLA COMUNICAZIONE,[F9201P100] COGNIZIONE E LINGUAGGIO,F9201P100,63,38,0.603174603174603,6
[F9201P] TEORIA E TECNOLOGIA DELLA COMUNICAZIONE,[F9201P004] COMUNICAZIONE VISIVA E DESIGN DELLE INTERFACCE,F9201P004,79,49,0.620253164556962,7
[F9201P] TEORIA E TECNOLOGIA DELLA COMUNICAZIONE,[F9201P026] SISTEMI INFORMATIVI,F9201P026,11,7,0.636363636363636,8
[F9201P] TEORIA E TECNOLOGIA DELLA COMUNICAZIONE,[F9201P007] ERGONOMIA COGNITIVA,F9201P007,15,10,0.666666666666667,9
[F9201P] TEORIA E TECNOLOGIA DELLA COMUNICAZIONE,[F9201P027] GESTIONE DELLA CONOSCENZA,F9201P027,6,4,0.666666666666667,10
[G8501R] SCIENZE DELLA FORMAZIONE PRIMARIA,[G8501R012] ISTITUZIONI E DIDATTICA DELLA MATEMATICA CON LABORATORIO,G8501R012,457,155,0.339168490153173,1
[G8501R] SCIENZE DELLA FORMAZIONE PRIMARIA,[G8501R004] LINGUISTICA ITALIANA,G8501R004,347,186,0.536023054755043,2
[G8501R] SCIENZE DELLA FORMAZIONE PRIMARIA,[G8501R037] DIDATTICA DELLA LETTERATURA E DIDATTICA DELLA LINGUA ITALIANA COME L2 CON LABORATORIO,G8501R037,459,248,0.540305010893246,3
[G8501R] SCIENZE DELLA FORMAZIONE PRIMARIA,[G8501R005] STORIA E DIDATTICA DELLA STORIA 1,G8501R005,359,196,0.545961002785515,4
[G8501R] SCIENZE DELLA FORMAZIONE PRIMARIA,[G8501R036] CHIMICA E DIDATTICA DELLA BIOLOGIA,G8501R036,336,191,0.568452380952381,5
[G8501R] SCIENZE DELLA FORMAZIONE PRIMARIA,[G8501R023] DIDATTICA DELLA MATEMATICA CON LABORATORIO,G8501R023,262,158,0.603053435114504,6
[G8501R] SCIENZE DELLA FORMAZIONE PRIMARIA,[G8501R006] ISTITUZIONI DI MATEMATICHE,G8501R006,426,277,0.650234741784038,7
[G8501R] SCIENZE DELLA FORMAZIONE PRIMARIA,[G8501R017] FISICA E DIDATTICA DELLA FISICA CON LABORATORIO,G8501R017,374,247,0.660427807486631,8
[G8501R] SCIENZE DELLA FORMAZIONE PRIMARIA,[G8501R026] PROVA IDONEITA' DI LINGUA INGLESE DI LIVELLO B2,G8501R026,659,436,0.661608497723824,9
[G8501R] SCIENZE DELLA FORMAZIONE PRIMARIA,[G8501R041] DIDATTICA DELLA LETTURA E DELLA SCRITTURA CON LABORATORI E METODOLOGIA DELLA RICERCA PEDAGOGICA,G8501R041,404,275,0.680693069306931,10
[H4101D] MEDICINA E CHIRURGIA,"[H4101D044] RAPPRESENTARE IL CORPO UMANO: TRA ANATOMIA, ARTE E ANTROPOLOGIA",H4101D044,4,0,0.0,1
[H4101D] MEDICINA E CHIRURGIA,[H4101D097] INTERNATO IN REPARTO DI BIOCHIMICA CLINICA,H4101D097,1,0,0.0,2
[H4101D] MEDICINA E CHIRURGIA,[H4101D098] INTERNATO IN REPARTO DI MEDICINA DELLO SPORT,H4101D098,2,0,0.0,3
[H4101D] MEDICINA E CHIRURGIA,[H4101D102] INTERNATO IN REPARTO DI ANATOMIA PATOLOGICA H. DESIO,H4101D102,2,0,0.0,4
[H4101D] MEDICINA E CHIRURGIA,[H4101D104] INTERNATO IN REPARTO DI CHIRURGIA DELL'APPARATO DIGERENTE,H4101D104,2,0,0.0,5
[H4101D] MEDICINA E CHIRURGIA,[H4101D105] INTERNATO IN REPARTO DI CHIRURGIA GENERALE,H4101D105,4,0,0.0,6
[H4101D] MEDICINA E CHIRURGIA,[H4101D109] INTERNATO IN REPARTO DI IGIENE E MEDICINA PREVENTIVA,H4101D109,1,0,0.0,7
[H4101D] MEDICINA E CHIRURGIA,[H4101D112] INTERNATO IN REPARTO DI NEFROLOGIA,H4101D112,1,0,0.0,8
[H4101D] MEDICINA E CHIRURGIA,[H4101D170] LA DEGENERAZIONE MACULARE SENILE,H4101D170,3,0,0.0,9
[H4101D] MEDICINA E CHIRURGIA,[H4101D173] INTERNATO IN REPARTO DI MEDICINA INTERNA,H4101D173,2,0,0.0,10
[H4601D] ODONTOIATRIA E PROTESI DENTARIA,[H4601D056] INTERNATO IN REPARTO DI PARODONTOLOGIA,H4601D056,2,0,0.0,1
[H4601D] ODONTOIATRIA E PROTESI DENTARIA,[H4601D058] INTERNATO IN REPARTO DI ORTODONZIA 1,H4601D058,4,0,0.0,2
[H4601D] ODONTOIATRIA E PROTESI DENTARIA,[H4601D059] INTERNATO IN REPARTO DI ORTODONZIA 2,H4601D059,2,0,0.0,3
[H4601D] ODONTOIATRIA E PROTESI DENTARIA,[H4601D016] SCIENZE MEDICHE AFFINI,H4601D016,66,17,0.257575757575758,4
[H4601D] ODONTOIATRIA E PROTESI DENTARIA,[H4601D001] SCIENZE PROPEDEUTICHE,H4601D001,47,23,0.48936170212766,5
[H4601D] ODONTOIATRIA E PROTESI DENTARIA,"[H4601D002] ANATOMIA, ISTOLOGIA ED EMBRIOLOGIA GENERALI E DELL'APPARATO STOMATOGNATICO",H4601D002,29,15,0.517241379310345,6
[H4601D] ODONTOIATRIA E PROTESI DENTARIA,[H4601D033] INFORMATICA DI BASE,H4601D033,40,24,0.6,7
[H4601D] ODONTOIATRIA E PROTESI DENTARIA,[H4601D005] SCIENZE UMANE GENERALI,H4601D005,17,11,0.647058823529412,8
[H4601D] ODONTOIATRIA E PROTESI DENTARIA,[H4601D063] INTERNATO IN SALA OPERATORIA ODONTOIATRICA,H4601D063,3,2,0.666666666666667,9
[H4601D] ODONTOIATRIA E PROTESI DENTARIA,[H4601D015] TECNOLOGIE PROTESICHE ED ECONOMIA AZIENDALE,H4601D015,34,24,0.705882352941177,10
[I0101D] INFERMIERISTICA (ABILITANTE ALLA PROFESSIONE SANITARIA DI INFERMIERE),[I0101D011] ASSISTENZA INFERMIERISTICA IN MEDICINA SPECIALISTICA,I0101D011,307,83,0.270358306188925,1
[I0101D] INFERMIERISTICA (ABILITANTE ALLA PROFESSIONE SANITARIA DI INFERMIERE),[I0101D004] FISIOLOGIA UMANA,I0101D004,437,130,0.297482837528604,2
[I0101D] INFERMIERISTICA (ABILITANTE ALLA PROFESSIONE SANITARIA DI INFERMIERE),[I0101D001] SCIENZE BIOMEDICHE 1,I0101D001,579,258,0.44559585492228,3
[I0101D] INFERMIERISTICA (ABILITANTE ALLA PROFESSIONE SANITARIA DI INFERMIERE),[I0101D009] METODOLOGIA CLINICA INFERMIERISTICA 1,I0101D009,417,209,0.501199040767386,4
[I0101D] INFERMIERISTICA (ABILITANTE ALLA PROFESSIONE SANITARIA DI INFERMIERE),[LING] LINGUA INGLESE,LING,376,193,0.513297872340426,5
[I0101D] INFERMIERISTICA (ABILITANTE ALLA PROFESSIONE SANITARIA DI INFERMIERE),[I0101D006] METODOLOGIA CLINICA NELLE SCIENZE INFERMIERISTICHE,I0101D006,337,177,0.525222551928783,6
[I0101D] INFERMIERISTICA (ABILITANTE ALLA PROFESSIONE SANITARIA DI INFERMIERE),[I0101D012] ASSISTENZA INFERMIERISTICA IN CHIRURGIA SPECIALISTICA,I0101D012,304,163,0.536184210526316,7
[I0101D] INFERMIERISTICA (ABILITANTE ALLA PROFESSIONE SANITARIA DI INFERMIERE),[I0101D016] MEDICINA CLINICA E DELLA DISABILITA',I0101D016,351,199,0.566951566951567,8
[I0101D] INFERMIERISTICA (ABILITANTE ALLA PROFESSIONE SANITARIA DI INFERMIERE),[I0101D015] ELEMENTI DI ORGANIZZAZIONE PROFESSIONALE,I0101D015,332,193,0.581325301204819,9
[I0101D] INFERMIERISTICA (ABILITANTE ALLA PROFESSIONE SANITARIA DI INFERMIERE),[I0101D901] FONDAMENTI DI SCIENZE INFERMIERISTICHE ED OSTETRICHE,I0101D901,392,235,0.599489795918367,10
[I0102D] OSTETRICIA (ABILITANTE ALLA PROFESSIONE SANITARIA DI OSTETRICA/O),[H4101D296] DIPENDENZE PATOLOGICHE DA SOSTANZE E NON,H4101D296,1,0,0.0,1
[I0102D] OSTETRICIA (ABILITANTE ALLA PROFESSIONE SANITARIA DI OSTETRICA/O),[I0102D013] MEDICINA PERINATALE,I0102D013,33,16,0.484848484848485,2
[I0102D] OSTETRICIA (ABILITANTE ALLA PROFESSIONE SANITARIA DI OSTETRICA/O),[I0102D004] FISIOLOGIA UMANA,I0102D004,46,23,0.5,3
[I0102D] OSTETRICIA (ABILITANTE ALLA PROFESSIONE SANITARIA DI OSTETRICA/O),[I0102D001] SCIENZE BIOMEDICHE 1,I0102D001,50,29,0.58,4
[I0102D] OSTETRICIA (ABILITANTE ALLA PROFESSIONE SANITARIA DI OSTETRICA/O),[LING] LINGUA INGLESE,LING,27,16,0.592592592592593,5
[I0102D] OSTETRICIA (ABILITANTE ALLA PROFESSIONE SANITARIA DI OSTETRICA/O),[I0102D903] ANATOMIA E FISIOLOGIA DELLA RIPRODUZIONE UMANA,I0102D903,45,28,0.622222222222222,6
[I0102D] OSTETRICIA (ABILITANTE ALLA PROFESSIONE SANITARIA DI OSTETRICA/O),[I0102D119] INTERNATI DI ACCOMPAGNAMENTO ALLA NASCITA,I0102D119,20,13,0.65,7
[I0102D] OSTETRICIA (ABILITANTE ALLA PROFESSIONE SANITARIA DI OSTETRICA/O),[I0102D007] SCIENZE UMANE,I0102D007,46,30,0.652173913043478,8
[I0102D] OSTETRICIA (ABILITANTE ALLA PROFESSIONE SANITARIA DI OSTETRICA/O),[I0102D902] METODOLOGIA CLINICA NELLE SCIENZE OSTETRICO-GINECOLOGICHE E NEONATALI,I0102D902,49,32,0.653061224489796,9
[I0102D] OSTETRICIA (ABILITANTE ALLA PROFESSIONE SANITARIA DI OSTETRICA/O),[I0102D120] INTERNATO PER IL MASSAGGIO INFANTILE,I0102D120,16,11,0.6875,10
[I0201D] FISIOTERAPIA (ABILITANTE ALLA PROFESSIONE SANITARIA DI FISIOTERAPISTA),[I0201D100] BASI DEL MOVIMENTO,I0201D100,109,56,0.513761467889908,1
[I0201D] FISIOTERAPIA (ABILITANTE ALLA PROFESSIONE SANITARIA DI FISIOTERAPISTA),[I0201D121] VALUTAZIONE DEL SISTEMA MOTORIO,I0201D121,101,53,0.524752475247525,2
[I0201D] FISIOTERAPIA (ABILITANTE ALLA PROFESSIONE SANITARIA DI FISIOTERAPISTA),[I0201D101] CINESIOLOGIA,I0201D101,93,59,0.634408602150538,3
[I0201D] FISIOTERAPIA (ABILITANTE ALLA PROFESSIONE SANITARIA DI FISIOTERAPISTA),[I0201D110] RADIAZIONI E RIABILITAZIONE,I0201D110,71,54,0.76056338028169,4
[I0201D] FISIOTERAPIA (ABILITANTE ALLA PROFESSIONE SANITARIA DI FISIOTERAPISTA),[I0201D122] CLINICA CARDIO-POLMONARE,I0201D122,67,54,0.805970149253731,5
[I0201D] FISIOTERAPIA (ABILITANTE ALLA PROFESSIONE SANITARIA DI FISIOTERAPISTA),[I0201D115] MEDICINA RIABILITATIVA,I0201D115,63,51,0.80952380952381,6
[I0201D] FISIOTERAPIA (ABILITANTE ALLA PROFESSIONE SANITARIA DI FISIOTERAPISTA),[I0201D117] RIABILITAZIONE COGNITIVA,I0201D117,62,51,0.82258064516129,7
[I0201D] FISIOTERAPIA (ABILITANTE ALLA PROFESSIONE SANITARIA DI FISIOTERAPISTA),[I0201D109] TECNICHE NEURORIABILITATIVE,I0201D109,65,54,0.830769230769231,8
[I0201D] FISIOTERAPIA (ABILITANTE ALLA PROFESSIONE SANITARIA DI FISIOTERAPISTA),[I0201D102] TECNICHE ISPETTIVE E OSSERVAZIONALI,I0201D102,70,59,0.842857142857143,9
[I0201D] FISIOTERAPIA (ABILITANTE ALLA PROFESSIONE SANITARIA DI FISIOTERAPISTA),[I0201D103] METODOLOGIA DELLA RIABILITAZIONE,I0201D103,67,57,0.850746268656716,10
[I0202D] TERAPIA DELLA NEURO E PSICOMOTRICITÀ DELL'ETÀ EVOLUTIVA (ABILITANTE ALLA PROFESSIONE SANITARIA DI TERAPISTA DELLA NEURO E PSICOMOTRICITÀ DELL'ETÀ EVOLUTIVA),[I0202D101] CINESIOLOGIA,I0202D101,50,29,0.58,1
[I0202D] TERAPIA DELLA NEURO E PSICOMOTRICITÀ DELL'ETÀ EVOLUTIVA (ABILITANTE ALLA PROFESSIONE SANITARIA DI TERAPISTA DELLA NEURO E PSICOMOTRICITÀ DELL'ETÀ EVOLUTIVA),[I0202D121] BASI DEL MOVIMENTO,I0202D121,47,29,0.617021276595745,2
[I0202D] TERAPIA DELLA NEURO E PSICOMOTRICITÀ DELL'ETÀ EVOLUTIVA (ABILITANTE ALLA PROFESSIONE SANITARIA DI TERAPISTA DELLA NEURO E PSICOMOTRICITÀ DELL'ETÀ EVOLUTIVA),[I0202D005] SCIENZE STATISTICHE E SOCIOPSICOPEDAGOGICHE,I0202D005,42,26,0.619047619047619,3
[I0202D] TERAPIA DELLA NEURO E PSICOMOTRICITÀ DELL'ETÀ EVOLUTIVA (ABILITANTE ALLA PROFESSIONE SANITARIA DI TERAPISTA DELLA NEURO E PSICOMOTRICITÀ DELL'ETÀ EVOLUTIVA),[I0202D118] SCIENZE PSICOMOTORIE E RIABILITATIVE 2,I0202D118,33,23,0.696969696969697,4
[I0202D] TERAPIA DELLA NEURO E PSICOMOTRICITÀ DELL'ETÀ EVOLUTIVA (ABILITANTE ALLA PROFESSIONE SANITARIA DI TERAPISTA DELLA NEURO E PSICOMOTRICITÀ DELL'ETÀ EVOLUTIVA),[I0202D103] SCIENZE PSICOMOTORIE E RIABILITATIVE 1,I0202D103,36,28,0.777777777777778,5
[I0202D] TERAPIA DELLA NEURO E PSICOMOTRICITÀ DELL'ETÀ EVOLUTIVA (ABILITANTE ALLA PROFESSIONE SANITARIA DI TERAPISTA DELLA NEURO E PSICOMOTRICITÀ DELL'ETÀ EVOLUTIVA),[LING] LINGUA INGLESE,LING,22,18,0.818181818181818,6
[I0202D] TERAPIA DELLA NEURO E PSICOMOTRICITÀ DELL'ETÀ EVOLUTIVA (ABILITANTE ALLA PROFESSIONE SANITARIA DI TERAPISTA DELLA NEURO E PSICOMOTRICITÀ DELL'ETÀ EVOLUTIVA),[I0202D113] NEUROPSICHIATRIA INFANTILE E SCIENZE PEDIATRICHE,I0202D113,23,21,0.91304347826087,7
[I0202D] TERAPIA DELLA NEURO E PSICOMOTRICITÀ DELL'ETÀ EVOLUTIVA (ABILITANTE ALLA PROFESSIONE SANITARIA DI TERAPISTA DELLA NEURO E PSICOMOTRICITÀ DELL'ETÀ EVOLUTIVA),[I0202D105] TIROCINIO 1,I0202D105,28,26,0.928571428571429,8
[I0202D] TERAPIA DELLA NEURO E PSICOMOTRICITÀ DELL'ETÀ EVOLUTIVA (ABILITANTE ALLA PROFESSIONE SANITARIA DI TERAPISTA DELLA NEURO E PSICOMOTRICITÀ DELL'ETÀ EVOLUTIVA),[I0202D111] LABORATORI PROFESSIONALIZZANTI 1,I0202D111,23,22,0.956521739130435,9
[I0202D] TERAPIA DELLA NEURO E PSICOMOTRICITÀ DELL'ETÀ EVOLUTIVA (ABILITANTE ALLA PROFESSIONE SANITARIA DI TERAPISTA DELLA NEURO E PSICOMOTRICITÀ DELL'ETÀ EVOLUTIVA),[I0202D109] SCIENZE NEUROPSICOLOGICHE E PEDAGOGICHE,I0202D109,24,23,0.958333333333333,10
[I0301D] IGIENE DENTALE (ABILITANTE ALLA PROFESSIONE SANITARIA DI IGIENISTA DENTALE),[I0301D001] SCIENZE PROPEDEUTICHE,I0301D001,70,10,0.142857142857143,1
[I0301D] IGIENE DENTALE (ABILITANTE ALLA PROFESSIONE SANITARIA DI IGIENISTA DENTALE),[I0301D003] ORGANI E FUNZIONI,I0301D003,75,21,0.28,2
[I0301D] IGIENE DENTALE (ABILITANTE ALLA PROFESSIONE SANITARIA DI IGIENISTA DENTALE),[I0301D002] SCIENZE BIOMEDICHE,I0301D002,59,26,0.440677966101695,3
[I0301D] IGIENE DENTALE (ABILITANTE ALLA PROFESSIONE SANITARIA DI IGIENISTA DENTALE),[I0301D031] ELEMENTI D'IGIENE DELLA NUTRIZIONE E DELLE COMUNITA' E DI MALATTIE ODONTOSTOMATOLOGICHE,I0301D031,37,23,0.621621621621622,4
[I0301D] IGIENE DENTALE (ABILITANTE ALLA PROFESSIONE SANITARIA DI IGIENISTA DENTALE),[I0301D007] PATOLOGIA,I0301D007,35,23,0.657142857142857,5
[I0301D] IGIENE DENTALE (ABILITANTE ALLA PROFESSIONE SANITARIA DI IGIENISTA DENTALE),[LING] LINGUA INGLESE,LING,25,18,0.72,6
[I0301D] IGIENE DENTALE (ABILITANTE ALLA PROFESSIONE SANITARIA DI IGIENISTA DENTALE),[I0301D013] DISCIPLINE CARATTERIZZANTI,I0301D013,30,22,0.733333333333333,7
[I0301D] IGIENE DENTALE (ABILITANTE ALLA PROFESSIONE SANITARIA DI IGIENISTA DENTALE),[I0301D015] SANITA' PUBBLICA E MANAGEMENT SANITARIO,I0301D015,30,25,0.833333333333333,8
[I0301D] IGIENE DENTALE (ABILITANTE ALLA PROFESSIONE SANITARIA DI IGIENISTA DENTALE),[I0301D004] PREVENZIONE SANITARIA,I0301D004,29,25,0.862068965517241,9
[I0301D] IGIENE DENTALE (ABILITANTE ALLA PROFESSIONE SANITARIA DI IGIENISTA DENTALE),[I0301D010] SCIENZE CLINICHE,I0301D010,25,22,0.88,10
[I0302D] TECNICHE DI LABORATORIO BIOMEDICO (ABILITANTE ALLA PROFESSIONE SANITARIA DI TECNICO DI LABORATORIO BIOMEDICO),[E0201Q004] CHIMICA GENERALE ED INORGANICA,E0201Q004,2,0,0.0,1
[I0302D] TECNICHE DI LABORATORIO BIOMEDICO (ABILITANTE ALLA PROFESSIONE SANITARIA DI TECNICO DI LABORATORIO BIOMEDICO),[E3001Q038] CHIMICA,E3001Q038,1,0,0.0,2
[I0302D] TECNICHE DI LABORATORIO BIOMEDICO (ABILITANTE ALLA PROFESSIONE SANITARIA DI TECNICO DI LABORATORIO BIOMEDICO),[I0302D001] SCIENZE PROPEDEUTICHE,I0302D001,67,10,0.149253731343284,3
[I0302D] TECNICHE DI LABORATORIO BIOMEDICO (ABILITANTE ALLA PROFESSIONE SANITARIA DI TECNICO DI LABORATORIO BIOMEDICO),[I0302D003] ORGANI E FUNZIONI,I0302D003,83,16,0.192771084337349,4
[I0302D] TECNICHE DI LABORATORIO BIOMEDICO (ABILITANTE ALLA PROFESSIONE SANITARIA DI TECNICO DI LABORATORIO BIOMEDICO),[I0302D009] MICROBIOLOGIA CLINICA,I0302D009,54,20,0.37037037037037,5
[I0302D] TECNICHE DI LABORATORIO BIOMEDICO (ABILITANTE ALLA PROFESSIONE SANITARIA DI TECNICO DI LABORATORIO BIOMEDICO),[I0302D002] SCIENZE BIOMEDICHE,I0302D002,61,24,0.39344262295082,6
[I0302D] TECNICHE DI LABORATORIO BIOMEDICO (ABILITANTE ALLA PROFESSIONE SANITARIA DI TECNICO DI LABORATORIO BIOMEDICO),[I0302D005] ANALISI BIOCHIMICO-CLINICHE,I0302D005,31,13,0.419354838709677,7
[I0302D] TECNICHE DI LABORATORIO BIOMEDICO (ABILITANTE ALLA PROFESSIONE SANITARIA DI TECNICO DI LABORATORIO BIOMEDICO),[LING] LINGUA INGLESE,LING,42,19,0.452380952380952,8
[I0302D] TECNICHE DI LABORATORIO BIOMEDICO (ABILITANTE ALLA PROFESSIONE SANITARIA DI TECNICO DI LABORATORIO BIOMEDICO),[I0302D038] INTERNATO DI LABORATORIO IN ALLERGOLOGIA,I0302D038,2,1,0.5,9
[I0302D] TECNICHE DI LABORATORIO BIOMEDICO (ABILITANTE ALLA PROFESSIONE SANITARIA DI TECNICO DI LABORATORIO BIOMEDICO),[I0302D011] FARMACOLOGIA E TOSSICOLOGIA,I0302D011,47,25,0.531914893617021,10
"[I0303D] TECNICHE DI RADIOLOGIA MEDICA, PER IMMAGINI E RADIOTERAPIA (ABILITANTE ALLA PROFESSIONE SANITARIA DI TECNICO DI RADIOLOGIA MEDICA, PER IMMAGINI E RADIOTERAPIA )",[I0303D001] SCIENZE PROPEDEUTICHE,I0303D001,53,15,0.283018867924528,1
"[I0303D] TECNICHE DI RADIOLOGIA MEDICA, PER IMMAGINI E RADIOTERAPIA (ABILITANTE ALLA PROFESSIONE SANITARIA DI TECNICO DI RADIOLOGIA MEDICA, PER IMMAGINI E RADIOTERAPIA )",[I0303D003] ORGANI E FUNZIONI,I0303D003,52,24,0.461538461538462,2
"[I0303D] TECNICHE DI RADIOLOGIA MEDICA, PER IMMAGINI E RADIOTERAPIA (ABILITANTE ALLA PROFESSIONE SANITARIA DI TECNICO DI RADIOLOGIA MEDICA, PER IMMAGINI E RADIOTERAPIA )",[I0303D006] TECNICHE DI DIAGNOSTICA PER IMMAGINI I,I0303D006,21,13,0.619047619047619,3
"[I0303D] TECNICHE DI RADIOLOGIA MEDICA, PER IMMAGINI E RADIOTERAPIA (ABILITANTE ALLA PROFESSIONE SANITARIA DI TECNICO DI RADIOLOGIA MEDICA, PER IMMAGINI E RADIOTERAPIA )",[LING] LINGUA INGLESE,LING,27,17,0.62962962962963,4
"[I0303D] TECNICHE DI RADIOLOGIA MEDICA, PER IMMAGINI E RADIOTERAPIA (ABILITANTE ALLA PROFESSIONE SANITARIA DI TECNICO DI RADIOLOGIA MEDICA, PER IMMAGINI E RADIOTERAPIA )",[I0303D011] FARMACOLOGIA E RADIOFARMACI,I0303D011,30,19,0.633333333333333,5
"[I0303D] TECNICHE DI RADIOLOGIA MEDICA, PER IMMAGINI E RADIOTERAPIA (ABILITANTE ALLA PROFESSIONE SANITARIA DI TECNICO DI RADIOLOGIA MEDICA, PER IMMAGINI E RADIOTERAPIA )",[I0303D007] PATOLOGIA,I0303D007,28,21,0.75,6
"[I0303D] TECNICHE DI RADIOLOGIA MEDICA, PER IMMAGINI E RADIOTERAPIA (ABILITANTE ALLA PROFESSIONE SANITARIA DI TECNICO DI RADIOLOGIA MEDICA, PER IMMAGINI E RADIOTERAPIA )",[I0303D002] SCIENZE BIOMEDICHE,I0303D002,30,23,0.766666666666667,7
"[I0303D] TECNICHE DI RADIOLOGIA MEDICA, PER IMMAGINI E RADIOTERAPIA (ABILITANTE ALLA PROFESSIONE SANITARIA DI TECNICO DI RADIOLOGIA MEDICA, PER IMMAGINI E RADIOTERAPIA )",[I0303D012] TECNICHE DI DIAGNOSTICA PER IMMAGINI III,I0303D012,14,11,0.785714285714286,8
"[I0303D] TECNICHE DI RADIOLOGIA MEDICA, PER IMMAGINI E RADIOTERAPIA (ABILITANTE ALLA PROFESSIONE SANITARIA DI TECNICO DI RADIOLOGIA MEDICA, PER IMMAGINI E RADIOTERAPIA )",[I0303D008] TECNICHE DI DIAGNOSTICA PER IMMAGINI II,I0303D008,22,19,0.863636363636364,9
"[I0303D] TECNICHE DI RADIOLOGIA MEDICA, PER IMMAGINI E RADIOTERAPIA (ABILITANTE ALLA PROFESSIONE SANITARIA DI TECNICO DI RADIOLOGIA MEDICA, PER IMMAGINI E RADIOTERAPIA )",[I0303D005] PREVENZIONE SANITARIA,I0303D005,24,23,0.958333333333333,10
[K0101D] SCIENZE INFERMIERISTICHE E OSTETRICHE,[K0101D004] METODOLOGIA DELLA RICERCA INFERMIERISTICA E OSTETRICA,K0101D004,1,0,0.0,1
[K0101D] SCIENZE INFERMIERISTICHE E OSTETRICHE,[K0101D005] ANALISI DEONTOLOGICA E NORMATIVA,K0101D005,10,4,0.4,2
[K0101D] SCIENZE INFERMIERISTICHE E OSTETRICHE,[K0101D014] INGLESE A LIVELLO B2,K0101D014,39,21,0.538461538461538,3
[K0101D] SCIENZE INFERMIERISTICHE E OSTETRICHE,[K0101D010] STRUTTURE ORGANIZZATIVE E FLUSSI GESTIONALI DELLE AZIENDE SANITARIE,K0101D010,21,13,0.619047619047619,4
[K0101D] SCIENZE INFERMIERISTICHE E OSTETRICHE,[K0101D002] METODOLOGIA DI ANALISI SOCIO-SANITARIA,K0101D002,40,28,0.7,5
[K0101D] SCIENZE INFERMIERISTICHE E OSTETRICHE,[K0101D009] MANAGEMENT INFERMIERISTICO E OSTETRICO,K0101D009,14,10,0.714285714285714,6
[K0101D] SCIENZE INFERMIERISTICHE E OSTETRICHE,[K0101D001] STORIA E FILOSOFIA DELL'ASSISTENZA INFERMIERISTICA E OSTETRICA,K0101D001,36,27,0.75,7
[K0101D] SCIENZE INFERMIERISTICHE E OSTETRICHE,"[K0101D015] INFORMATICA, LIVELLO AVANZATO",K0101D015,34,26,0.764705882352941,8
[K0101D] SCIENZE INFERMIERISTICHE E OSTETRICHE,[K0101D012] TIROCINIO,K0101D012,13,10,0.769230769230769,9
[K0101D] SCIENZE INFERMIERISTICHE E OSTETRICHE,[K0101D006] SCIENZE PSICOPEDAGOGICHE,K0101D006,32,26,0.8125,10
